Stream_1,Stream_2,Stream_3,Stream_4
-506,-38,480,37
100,-351,86,343
466,162,-509,-156
-265,290,97,-289
-368,-267,475,259
401,-196,-259,194
229,340,-381,-330
-485,72,394,-73
-56,-361,234,353
501,53,-484,-48
-123,348,-66,-341
-458,-178,513,173
289,-283,-115,282
358,280,-472,-276
-417,180,287,-178
-203,-340,366,333
485,-60,-414,58
32,365,-220,-360
-499,-75,492,71
146,-339,41,335
446,196,-507,-188
-313,270,142,-266
-332,-291,457,283
432,-171,-308,168
184,350,-347,-343
-493,44,431,-42
-11,-363,194,358
495,92,-499,-89
-169,330,-19,-329
-437,-212,508,207
329,-257,-167,254
319,305,-444,-296
-442,148,328,-148
-160,-352,319,345
496,-28,-440,28
-14,360,-166,-356
-495,-100,506,100
194,-324,-9,321
421,221,-503,-215
-347,246,188,-241
-298,-309,428,303
451,-142,-339,137
142,361,-307,-355
-501,13,449,-11
44,-364,147,354
490,121,-506,-114
-219,317,34,-312
-415,-232,495,222
359,-229,-212,232
278,315,-417,-311
-463,114,366,-113
-109,-358,283,354
506,11,-468,-9
-64,358,-120,-354
-477,-138,508,136
237,-308,-55,306
391,248,-491,-242
-379,217,230,-218
-259,-330,405,317
468,-99,-377,103
93,368,-268,-359
-501,-29,474,28
93,-356,96,348
471,151,-507,-150
-263,302,87,-295
-378,-263,475,259
390,-199,-255,198
239,337,-387,-328
-476,80,397,-81
-69,-365,243,354
505,47,-484,-44
-113,344,-67,-342
-462,-172,510,170
281,-282,-112,281
362,273,-474,-267
-414,184,277,-184
-211,-341,368,333
489,-57,-409,61
39,360,-222,-358
-505,-68,491,66
139,-337,49,334
453,188,-509,-185
-305,270,139,-269
-342,-288,462,284
427,-167,-301,168
188,343,-353,-339
-494,50,420,-51
-11,-366,201,358
499,86,-495,-81
-163,340,-26,-328
-442,-206,506,199
322,-268,-160,257
326,297,-447,-294
-442,158,320,-151
-169,-354,334,349
499,-26,-436,26
-6,363,-179,-355
-495,-106,499,98
184,-326,0,323
427,220,-497,-213
-342,251,182,-250
-304,-309,437,304
449,-136,-341,133
148,358,-317,-350
-500,8,451,-11
36,-358,151,351
492,114,-506,-107
-218,316,29,-313
-415,-234,496,225
360,-235,-208,233
286,323,-422,-314
-460,119,361,-124
-119,-361,295,357
505,10,-462,-5
-62,356,-131,-351
-484,-140,508,137
231,-305,-52,300
400,250,-490,-243
-375,217,232,-214
-265,-325,405,315
473,-105,-376,105
97,366,-274,-357
-506,-23,472,22
88,-357,107,352
472,149,-510,-150
-254,303,78,-298
-381,-258,477,254
388,-210,-252,207
242,335,-389,-324
-476,88,390,-88
-71,-363,256,356
499,38,-483,-38
-108,348,-77,-344
-463,-165,510,159
277,-291,-106,288
368,273,-473,-267
-408,193,266,-193
-222,-339,373,338
484,-70,-404,75
48,365,-225,-362
-498,-59,490,56
133,-346,59,342
449,180,-504,-178
-296,282,117,-278
-349,-279,457,275
420,-178,-293,176
201,339,-357,-335
-490,55,430,-56
-22,-364,205,355
500,80,-496,-76
-160,336,-30,-330
-444,-197,503,191
315,-263,-148,265
331,289,-447,-285
-435,161,310,-160
-175,-352,340,346
502,-36,-434,31
-3,361,-195,-354
-498,-90,500,88
181,-327,8,324
434,209,-500,-202
-337,258,177,-250
-318,-307,441,294
443,-147,-329,146
155,354,-320,-347
-494,16,443,-21
27,-357,155,355
489,112,-501,-109
-200,320,25,-315
-421,-227,494,220
356,-237,-200,238
293,314,-431,-306
-458,126,352,-132
-131,-365,304,355
505,6,-460,-2
-50,360,-139,-355
-493,-129,513,128
228,-314,-42,310
407,234,-491,-232
-368,230,220,-229
-272,-315,409,313
467,-113,-365,118
101,355,-283,-353
-504,-16,465,10
78,-352,113,352
481,145,-509,-145
-250,302,66,-298
-395,-256,487,252
389,-209,-239,211
250,331,-400,-319
-473,93,388,-100
-79,-365,264,355
505,39,-479,-32
-102,351,-92,-347
-471,-162,504,155
269,-293,-90,291
369,262,-474,-257
-400,202,262,-197
-229,-340,384,336
483,-77,-401,78
55,362,-239,-364
-501,-58,481,49
128,-339,69,341
454,179,-508,-172
-283,283,116,-278
-354,-277,468,273
412,-181,-284,177
207,339,-362,-339
-490,59,412,-57
-31,-368,215,361
493,69,-496,-66
-147,343,-37,-337
-444,-186,506,186
309,-270,-139,270
339,286,-452,-285
-429,165,300,-165
-181,-353,346,345
494,-40,-430,42
4,364,-193,-356
-499,-84,495,82
172,-333,16,324
434,204,-501,-201
-330,260,168,-257
-317,-297,449,292
447,-156,-327,157
161,353,-326,-346
-501,28,441,-30
18,-363,165,357
490,105,-504,-102
-194,324,10,-321
-423,-222,500,219
348,-246,-188,244
296,313,-435,-306
-457,131,346,-131
-139,-356,310,351
508,-2,-455,6
-41,360,-140,-352
-488,-128,505,122
220,-317,-35,309
408,240,-495,-233
-364,230,213,-230
-279,-318,421,312
466,-115,-365,118
111,359,-290,-357
-504,-12,467,14
64,-358,123,352
479,141,-513,-141
-234,308,56,-297
-397,-250,489,243
381,-222,-235,212
256,329,-399,-318
-475,104,375,-101
-83,-365,269,357
507,31,-470,-28
-97,349,-100,-345
-473,-153,511,151
267,-293,-86,292
378,261,-479,-257
-396,204,256,-202
-237,-340,388,332
480,-83,-393,84
64,367,-247,-359
-510,-47,480,42
123,-349,71,339
461,169,-508,-163
-287,289,114,-281
-353,-273,469,265
412,-188,-280,187
210,338,-366,-331
-491,67,404,-67
-41,-362,222,357
501,62,-490,-63
-138,341,-46,-337
-449,-191,513,184
303,-273,-133,270
344,287,-465,-280
-426,176,300,-169
-193,-348,360,341
494,-52,-429,51
16,366,-206,-360
-498,-84,499,82
163,-333,24,328
440,203,-505,-199
-320,263,156,-260
-329,-298,448,289
440,-156,-317,156
170,351,-333,-347
-502,29,435,-29
11,-357,177,354
495,93,-496,-88
-189,328,6,-324
-428,-212,502,207
343,-251,-187,249
309,308,-436,-303
-452,140,333,-139
-149,-363,312,351
507,-11,-446,15
-34,362,-152,-356
-493,-118,505,113
210,-314,-33,311
416,231,-494,-224
-361,241,210,-234
-289,-321,423,312
459,-127,-357,121
123,358,-293,-353
-501,-2,460,3
62,-357,131,350
480,133,-504,-128
-233,314,46,-304
-398,-248,490,237
375,-222,-228,220
263,325,-407,-318
-468,105,372,-108
-97,-366,270,360
506,27,-468,-24
-81,354,-107,-346
-477,-151,510,146
255,-295,-73,295
382,256,-485,-251
-391,205,249,-204
-247,-335,397,325
475,-86,-390,84
75,368,-258,-361
-505,-45,480,42
115,-350,84,345
469,167,-506,-162
-281,289,100,-285
-370,-266,472,264
409,-198,-272,197
224,340,-377,-336
-490,72,404,-76
-48,-364,229,357
506,58,-484,-52
-133,341,-57,-342
-452,-179,507,177
296,-278,-127,275
346,284,-464,-276
-423,179,295,-175
-200,-344,357,342
493,-57,-416,59
24,361,-209,-365
-501,-79,490,75
155,-339,37,334
447,203,-509,-197
-314,267,149,-262
-333,-295,446,288
436,-160,-311,159
175,352,-333,-347
-494,34,428,-30
1,-364,183,356
493,96,-498,-93
-180,325,-3,-321
-435,-208,502,201
338,-256,-175,255
313,301,-441,-296
-446,151,331,-147
-153,-358,324,351
499,-18,-442,16
-27,364,-163,-357
-495,-110,502,110
204,-323,-22,319
426,223,-502,-218
-356,236,199,-238
-292,-308,428,303
460,-124,-348,125
123,352,-297,-349
-500,-2,461,-1
52,-357,133,351
482,130,-511,-122
-228,312,45,-306
-406,-239,490,234
371,-226,-210,219
274,324,-415,-315
-465,109,361,-107
-109,-360,282,354
506,20,-471,-16
-71,349,-110,-346
-483,-141,509,137
247,-305,-70,299
389,251,-483,-244
-387,213,241,-217
-249,-329,395,324
476,-95,-379,99
84,365,-257,-361
-510,-35,477,32
100,-353,88,348
471,163,-514,-156
-269,288,94,-285
-371,-260,471,256
401,-197,-261,195
229,336,-378,-330
-485,85,400,-83
-59,-367,242,363
502,50,-489,-49
-123,338,-67,-339
-463,-181,509,175
292,-280,-116,271
364,288,-465,-278
-421,183,284,-175
-209,-347,369,342
491,-57,-418,59
33,363,-220,-357
-501,-68,494,67
145,-341,42,334
455,194,-505,-187
-312,267,140,-271
-342,-293,449,284
432,-166,-305,165
185,349,-345,-346
-493,47,430,-41
-9,-365,196,361
496,85,-495,-84
-172,333,-13,-329
-436,-208,500,201
329,-254,-169,255
320,299,-445,-296
-443,145,325,-146
-160,-348,328,347
501,-22,-440,24
-15,360,-170,-359
-496,-109,505,105
192,-325,-13,320
424,225,-500,-224
-350,240,188,-236
-302,-308,430,303
459,-133,-341,136
140,360,-311,-354
-507,6,453,-10
45,-363,152,359
488,121,-506,-119
-215,313,33,-307
-406,-227,497,221
358,-226,-213,229
275,315,-417,-311
-462,115,358,-118
-115,-368,287,361
506,17,-464,-12
-65,357,-125,-356
-481,-143,512,133
240,-303,-58,302
393,244,-491,-240
-377,217,234,-212
-259,-322,406,319
476,-98,-375,99
86,360,-268,-358
-505,-28,472,33
88,-353,99,350
472,161,-512,-159
-261,296,80,-294
-378,-264,483,256
397,-206,-256,204
234,333,-387,-329
-476,89,392,-88
-64,-365,247,360
505,47,-484,-43
-119,342,-74,-341
-462,-171,512,168
284,-285,-112,283
362,279,-467,-268
-417,188,278,-192
-218,-340,373,334
494,-71,-409,74
42,360,-226,-355
-502,-60,488,59
139,-343,46,334
451,190,-506,-184
-301,277,136,-276
-344,-285,459,284
422,-173,-298,176
191,349,-354,-345
-490,46,422,-48
-15,-369,206,359
498,84,-495,-80
-162,334,-27,-332
-439,-201,506,200
318,-265,-159,261
325,296,-453,-292
-440,157,324,-157
-167,-352,336,347
500,-29,-437,35
-11,360,-177,-355
-492,-94,500,91
187,-328,3,322
431,215,-505,-212
-341,250,177,-248
-308,-305,438,303
446,-142,-340,139
139,355,-318,-352
-500,15,452,-15
35,-365,158,357
492,121,-504,-113
-207,321,25,-313
-412,-233,499,226
356,-236,-203,233
288,314,-425,-307
-460,124,357,-123
-122,-357,294,350
507,3,-462,-3
-62,354,-128,-349
-484,-129,504,126
230,-308,-50,305
398,243,-487,-238
-376,220,225,-218
-268,-326,407,318
473,-103,-375,107
105,363,-275,-356
-505,-20,470,16
81,-358,103,350
475,147,-505,-145
-255,306,81,-298
-384,-266,475,252
392,-207,-246,212
250,338,-391,-326
-479,87,387,-92
-79,-360,255,356
501,40,-477,-41
-107,349,-86,-343
-463,-169,508,162
278,-289,-98,288
367,268,-473,-263
-407,194,270,-191
-219,-334,377,327
485,-71,-403,75
46,366,-235,-358
-504,-68,490,62
131,-340,54,337
454,184,-510,-184
-294,277,126,-273
-350,-281,461,280
422,-180,-290,176
199,347,-352,-345
-493,55,418,-53
-22,-362,204,357
498,76,-494,-74
-157,338,-29,-333
-439,-201,507,196
319,-268,-149,267
324,295,-454,-291
-432,164,310,-163
-175,-353,342,350
494,-38,-436,36
0,363,-183,-359
-496,-94,507,94
175,-327,0,322
431,210,-501,-208
-331,258,174,-253
-311,-304,437,299
448,-147,-330,145
155,359,-325,-352
-500,12,446,-17
25,-361,160,357
489,117,-496,-106
-205,320,17,-318
-421,-226,496,220
351,-243,-198,240
294,316,-428,-312
-457,126,355,-125
-128,-358,303,351
505,-2,-464,-1
-54,362,-136,-356
-483,-127,510,132
232,-316,-44,312
401,242,-494,-238
-373,223,218,-222
-269,-324,413,315
467,-112,-368,113
104,367,-275,-362
-506,-18,463,16
77,-354,113,350
474,145,-507,-143
-249,302,69,-297
-384,-258,483,252
391,-215,-243,210
248,333,-394,-327
-480,96,383,-95
-81,-359,258,358
503,36,-479,-32
-97,351,-87,-349
-465,-163,515,157
272,-299,-92,292
372,268,-483,-259
-405,196,261,-198
-233,-341,382,333
482,-70,-399,71
58,367,-236,-361
-504,-56,486,61
127,-342,63,339
459,175,-511,-173
-288,279,119,-277
-358,-279,470,271
411,-182,-286,177
210,346,-366,-337
-490,56,417,-60
-33,-367,214,360
504,75,-492,-69
-146,344,-40,-334
-448,-194,503,187
308,-275,-139,267
336,290,-458,-284
-431,168,306,-170
-182,-349,352,348
499,-43,-428,47
6,360,-194,-358
-500,-87,496,83
172,-329,10,327
437,208,-505,-202
-326,258,169,-258
-322,-301,448,296
440,-153,-324,149
160,353,-330,-348
-500,28,442,-25
20,-361,170,358
495,103,-501,-99
-196,327,5,-324
-424,-223,499,215
349,-245,-185,244
302,307,-431,-301
-454,130,343,-138
-144,-356,308,353
502,-2,-454,11
-37,359,-146,-355
-486,-123,502,118
217,-316,-31,310
409,235,-490,-227
-365,231,204,-228
-279,-315,419,309
462,-116,-362,117
113,360,-288,-355
-502,-12,469,6
69,-360,123,354
478,141,-509,-135
-240,306,62,-299
-395,-248,485,242
379,-222,-236,214
258,330,-398,-318
-473,104,373,-106
-86,-367,268,360
508,33,-473,-29
-92,352,-97,-347
-471,-160,509,157
257,-295,-88,287
375,264,-481,-259
-397,203,253,-201
-234,-334,394,330
478,-84,-396,89
63,362,-241,-358
-498,-45,480,41
117,-351,71,339
464,173,-507,-166
-285,290,111,-281
-361,-277,473,272
412,-188,-281,185
211,344,-372,-336
-489,69,409,-66
-37,-372,224,359
503,65,-491,-64
-141,344,-46,-337
-452,-191,504,184
303,-271,-133,271
343,287,-460,-279
-425,168,303,-171
-190,-346,356,343
491,-48,-426,47
15,363,-196,-361
-498,-78,490,77
162,-336,22,331
440,198,-507,-192
-320,267,151,-262
-325,-299,454,294
438,-154,-313,153
170,353,-335,-347
-499,31,435,-28
8,-362,179,352
494,95,-500,-96
-183,329,0,-326
-427,-224,505,218
337,-246,-182,247
307,311,-438,-301
-454,140,337,-136
-144,-359,315,346
497,-11,-450,12
-32,361,-153,-357
-487,-122,504,114
209,-316,-29,314
418,230,-495,-225
-360,236,206,-234
-286,-316,427,314
458,-124,-359,123
122,359,-299,-358
-500,-2,463,2
60,-359,131,355
476,134,-506,-131
-231,316,47,-307
-398,-247,489,246
372,-225,-225,218
262,323,-408,-320
-470,108,377,-109
-93,-361,273,354
506,17,-475,-17
-81,359,-109,-351
-477,-146,513,144
256,-305,-77,305
386,256,-477,-251
-393,208,249,-207
-247,-330,384,324
472,-90,-389,88
74,362,-255,-356
-507,-37,486,34
113,-344,86,340
468,162,-512,-162
-274,286,100,-283
-364,-270,473,266
402,-194,-272,191
223,342,-376,-333
-485,72,406,-71
-50,-367,232,363
499,60,-488,-53
-129,343,-59,-342
-450,-181,509,173
292,-277,-129,276
346,279,-461,-279
-422,182,295,-178
-200,-343,359,338
490,-59,-422,56
30,366,-209,-358
-495,-78,492,77
152,-340,40,336
443,198,-509,-194
-315,270,146,-267
-335,-294,452,288
435,-162,-316,158
179,349,-339,-344
-501,38,436,-36
2,-361,190,356
497,96,-497,-90
-173,332,-10,-331
-435,-217,496,212
331,-256,-172,258
315,302,-440,-300
-446,146,332,-148
-147,-350,328,348
492,-22,-443,23
-27,361,-163,-353
-491,-111,498,108
202,-323,-22,311
426,231,-498,-226
-354,236,194,-236
-295,-315,432,310
452,-133,-347,134
130,367,-300,-357
-501,9,458,-4
51,-366,136,359
486,129,-506,-123
-223,313,44,-311
-403,-241,490,232
369,-227,-218,222
270,322,-416,-316
-471,108,361,-109
-105,-361,287,360
505,23,-464,-18
-75,354,-117,-349
-479,-145,508,138
248,-306,-65,296
392,251,-483,-241
-387,213,240,-212
-253,-330,397,323
482,-91,-388,96
79,367,-261,-361
-508,-37,478,33
103,-351,89,348
470,158,-504,-158
-266,293,95,-289
-375,-266,474,260
400,-198,-267,196
229,338,-382,-332
-483,73,400,-79
-55,-366,241,360
500,56,-485,-49
-127,346,-67,-343
-456,-176,512,170
292,-278,-121,281
352,272,-466,-268
-415,182,284,-180
-202,-342,361,335
490,-57,-413,59
32,368,-214,-366
-504,-78,494,70
148,-341,38,340
451,191,-503,-187
-311,274,144,-269
-342,-288,455,284
431,-163,-311,164
184,350,-346,-343
-496,36,429,-40
-3,-366,189,359
498,92,-493,-89
-171,334,-20,-326
-434,-210,506,205
328,-255,-159,255
316,300,-449,-298
-443,149,327,-148
-162,-353,327,350
497,-28,-444,22
-16,364,-169,-358
-492,-103,503,104
193,-325,-7,321
424,225,-500,-218
-345,245,188,-238
-298,-312,435,302
452,-138,-346,134
139,360,-308,-354
-507,9,455,-7
42,-361,146,354
489,119,-506,-120
-218,316,30,-306
-406,-234,491,232
368,-234,-210,229
285,320,-420,-312
-467,121,360,-122
-120,-362,294,350
502,9,-463,-9
-66,359,-120,-352
-481,-142,510,138
237,-305,-58,305
395,247,-494,-246
-374,220,231,-216
-257,-325,403,324
467,-103,-378,102
90,368,-271,-363
-503,-35,477,32
89,-352,101,349
471,158,-510,-155
-256,297,93,-296
-379,-263,479,258
394,-206,-257,206
235,338,-391,-330
-478,87,390,-86
-68,-365,244,358
502,45,-483,-44
-109,343,-72,-342
-464,-173,508,167
283,-276,-105,280
359,274,-466,-267
-413,184,274,-186
-216,-338,369,333
487,-68,-408,66
46,362,-228,-358
-501,-66,489,62
135,-339,50,337
454,183,-506,-177
-298,276,133,-275
-349,-282,461,283
422,-171,-297,168
196,348,-352,-343
-491,48,422,-50
-15,-365,200,358
498,78,-500,-77
-166,338,-19,-332
-441,-202,507,199
320,-265,-158,261
327,296,-445,-287
-439,157,313,-154
-172,-347,334,344
501,-30,-438,30
-5,368,-176,-361
-492,-103,501,98
182,-331,-2,322
427,215,-498,-212
-343,245,179,-244
-307,-304,436,299
456,-140,-336,136
144,359,-313,-351
-500,14,447,-9
34,-362,154,359
485,114,-504,-112
-209,323,24,-321
-412,-231,495,227
355,-237,-206,234
285,317,-418,-311
-459,123,357,-120
-117,-362,294,354
504,5,-461,-5
-64,361,-130,-352
-481,-138,509,128
235,-312,-54,306
397,249,-486,-245
-380,217,227,-217
-265,-327,402,323
474,-102,-372,104
101,363,-276,-351
-512,-21,472,15
85,-353,110,347
474,151,-513,-143
-255,301,76,-302
-378,-262,483,258
392,-209,-247,206
239,337,-390,-328
-477,90,386,-88
-69,-369,251,357
500,39,-481,-38
-108,349,-79,-346
-466,-168,510,161
277,-283,-104,283
366,274,-464,-266
-407,188,273,-188
-216,-337,371,335
481,-73,-405,73
47,360,-237,-357
-500,-58,485,58
132,-340,59,335
455,179,-506,-180
-296,280,129,-276
-350,-279,465,274
423,-181,-292,181
204,346,-361,-339
-494,51,416,-53
-24,-365,210,356
501,80,-494,-72
-159,341,-33,-330
-442,-195,507,190
311,-271,-150,268
332,294,-448,-291
-431,156,312,-161
-179,-354,336,346
494,-26,-437,30
-4,358,-182,-357
-494,-95,500,92
185,-328,5,330
438,208,-500,-202
-336,262,170,-260
-313,-298,441,296
443,-151,-328,148
149,353,-319,-350
-503,20,444,-22
27,-361,162,355
493,110,-504,-106
-204,322,16,-316
-418,-226,498,222
355,-243,-197,240
297,310,-425,-306
-455,135,346,-134
-134,-359,307,356
501,0,-454,1
-47,357,-142,-354
-484,-130,507,127
223,-313,-42,311
402,241,-494,-236
-373,233,216,-229
-271,-322,420,316
469,-114,-367,111
108,355,-284,-353
-504,-18,470,16
74,-350,111,350
476,147,-510,-143
-244,301,69,-297
-389,-252,482,248
382,-215,-241,211
251,328,-396,-325
-475,91,385,-95
-77,-364,265,356
504,38,-478,-33
-103,355,-95,-343
-469,-158,508,157
266,-294,-89,290
372,268,-475,-261
-399,196,262,-198
-228,-335,380,329
486,-85,-399,85
55,366,-237,-358
-509,-53,486,48
128,-345,63,335
458,176,-509,-170
-291,283,118,-277
-358,-275,467,270
418,-186,-282,184
211,343,-366,-335
-492,59,415,-57
-33,-364,213,354
503,71,-493,-68
-144,342,-36,-334
-449,-195,503,188
309,-273,-138,269
333,292,-456,-285
-433,171,310,-167
-181,-350,348,343
494,-40,-434,45
5,362,-195,-361
-497,-91,495,86
178,-334,14,329
437,205,-502,-205
-332,262,167,-257
-313,-297,442,297
439,-150,-321,152
160,352,-329,-345
-502,24,441,-30
15,-361,170,354
494,105,-505,-98
-196,322,13,-319
-418,-218,502,214
346,-246,-189,241
303,311,-430,-306
-455,136,342,-131
-140,-360,306,354
508,-5,-455,3
-49,359,-146,-353
-492,-122,505,119
220,-319,-35,314
412,240,-490,-229
-363,233,211,-231
-278,-320,421,317
462,-119,-362,112
113,362,-294,-358
-506,-13,464,13
69,-354,126,349
483,137,-506,-135
-243,302,54,-304
-393,-245,484,245
381,-220,-231,220
259,329,-405,-326
-471,100,381,-100
-91,-365,268,358
505,29,-470,-30
-93,355,-94,-344
-471,-151,508,150
265,-300,-86,296
374,264,-486,-255
-397,202,252,-209
-238,-338,393,329
480,-82,-392,84
66,362,-245,-355
-503,-47,483,46
115,-344,70,341
464,170,-507,-168
-280,284,107,-284
-363,-274,471,269
410,-191,-277,189
215,346,-371,-336
-492,67,411,-71
-39,-364,221,360
508,63,-491,-57
-143,336,-47,-338
-453,-182,512,181
307,-273,-137,271
341,285,-461,-281
-426,170,299,-168
-193,-349,356,344
492,-43,-425,47
16,361,-203,-359
-499,-79,500,77
164,-338,16,333
442,199,-506,-194
-326,268,162,-266
-326,-296,445,289
441,-156,-317,154
170,350,-331,-346
-496,22,435,-27
10,-359,180,356
494,104,-499,-95
-189,325,3,-320
-429,-214,493,205
339,-251,-184,249
307,302,-435,-298
-446,139,336,-143
-153,-354,324,349
503,-9,-450,13
-29,361,-153,-355
-490,-122,505,116
214,-316,-27,314
411,233,-494,-228
-362,232,201,-232
-287,-315,424,308
459,-123,-358,125
122,361,-296,-355
-503,-11,462,7
58,-358,131,357
484,134,-507,-134
-231,313,50,-310
-400,-238,488,238
378,-224,-222,219
265,320,-412,-318
-471,102,364,-104
-99,-361,282,355
504,24,-466,-20
-85,357,-106,-346
-476,-149,508,146
257,-303,-77,292
386,255,-484,-249
-392,207,250,-210
-243,-331,389,325
480,-86,-388,94
67,366,-254,-357
-501,-38,481,40
105,-349,84,343
465,164,-509,-164
-269,284,102,-283
-368,-268,470,264
407,-191,-267,188
216,336,-379,-331
-485,74,403,-72
-47,-368,230,359
505,64,-490,-58
-130,345,-52,-341
-458,-187,510,180
293,-278,-125,275
350,282,-464,-274
-419,177,293,-179
-198,-345,358,338
490,-52,-419,58
21,366,-209,-364
-501,-81,493,75
162,-337,34,338
442,198,-512,-191
-318,268,149,-266
-331,-290,454,284
431,-164,-310,162
177,354,-341,-345
-497,36,435,-42
7,-363,188,357
499,88,-501,-85
-179,328,-7,-326
-437,-209,499,208
333,-250,-173,250
316,305,-439,-300
-448,143,331,-143
-155,-357,322,349
500,-24,-446,25
-23,362,-165,-363
-493,-111,503,108
201,-320,-18,315
419,227,-495,-219
-350,242,201,-236
-290,-308,428,303
460,-128,-351,132
129,356,-308,-354
-509,-6,455,0
52,-360,141,355
486,134,-507,-123
-220,314,46,-313
-412,-239,491,233
367,-227,-219,227
273,320,-410,-316
-464,110,361,-112
-104,-363,283,359
504,22,-468,-21
-73,352,-111,-349
-477,-143,509,141
244,-302,-71,299
383,251,-484,-245
-380,213,242,-211
-252,-329,399,326
476,-94,-391,92
79,362,-262,-359
-504,-33,484,30
101,-350,90,346
465,157,-512,-153
-263,291,94,-288
-373,-266,478,262
401,-197,-261,200
230,339,-384,-335
-483,77,399,-80
-57,-365,240,359
501,51,-486,-52
-125,343,-67,-338
-459,-174,508,171
289,-276,-121,276
358,278,-465,-268
-416,177,288,-176
-207,-342,366,338
493,-60,-413,56
31,359,-217,-364
-503,-65,488,67
147,-339,35,338
448,193,-503,-187
-310,270,144,-266
-334,-294,460,284
428,-167,-302,164
181,351,-351,-342
-497,43,428,-41
-6,-366,194,360
499,92,-500,-89
-174,332,-16,-330
-434,-206,504,203
328,-258,-166,258
315,300,-449,-293
-437,152,329,-150
-161,-357,331,349
499,-26,-446,23
-18,362,-167,-359
-495,-106,504,102
196,-325,-10,317
423,223,-496,-214
-345,246,185,-239
-304,-308,428,302
453,-133,-344,135
140,359,-305,-351
-504,2,452,-11
46,-363,146,355
489,122,-509,-114
-219,319,35,-316
-413,-235,496,229
362,-235,-213,231
284,325,-411,-315
-463,115,357,-116
-113,-363,288,360
505,13,-463,-11
-71,356,-120,-356
-479,-141,508,134
234,-305,-64,300
395,252,-488,-241
-374,213,234,-210
-259,-329,404,322
476,-96,-378,97
87,364,-268,-354
-505,-33,469,30
90,-352,102,345
475,160,-504,-155
-265,294,81,-291
-385,-263,480,254
399,-202,-258,197
238,331,-387,-323
-480,86,396,-82
-64,-363,243,359
504,45,-479,-43
-117,349,-76,-343
-459,-170,505,166
283,-289,-108,282
362,278,-467,-275
-416,184,279,-184
-216,-340,371,334
488,-65,-406,68
37,364,-226,-355
-500,-64,483,62
144,-344,50,339
454,190,-506,-184
-304,272,131,-270
-343,-283,459,277
425,-169,-299,169
190,342,-350,-337
-491,47,425,-49
-17,-362,203,355
494,85,-496,-84
-164,332,-21,-328
-439,-205,504,202
328,-262,-164,259
323,293,-448,-291
-439,157,318,-154
-167,-344,332,343
498,-33,-437,29
-7,365,-168,-357
-497,-96,503,97
187,-333,-4,327
427,216,-504,-214
-340,251,178,-247
-306,-305,438,297
448,-140,-336,137
146,360,-318,-352
-502,4,451,-8
33,-359,157,359
490,118,-509,-114
-208,318,27,-316
-410,-226,497,224
355,-236,-202,233
285,316,-420,-314
-461,119,354,-119
-121,-359,295,353
505,2,-462,1
-63,358,-132,-352
-483,-132,508,126
235,-312,-53,310
399,244,-489,-241
-376,226,227,-220
-264,-324,405,317
468,-108,-371,107
97,365,-275,-361
-504,-26,475,24
88,-351,103,352
473,154,-506,-152
-256,301,78,-297
-385,-264,480,261
389,-211,-248,206
246,337,-392,-332
-476,88,390,-88
-71,-367,250,360
506,42,-481,-38
-110,351,-78,-348
-468,-168,507,165
273,-289,-101,285
365,271,-475,-267
-406,195,269,-190
-218,-342,377,334
484,-71,-410,71
50,367,-229,-358
-504,-61,494,57
130,-343,59,340
456,181,-511,-178
-298,279,125,-276
-348,-283,467,278
422,-177,-293,169
201,343,-361,-340
-494,53,419,-49
-21,-363,209,358
500,78,-489,-75
-155,340,-32,-332
-446,-196,504,192
313,-269,-151,266
332,292,-454,-289
-434,162,312,-159
-175,-357,340,350
499,-31,-436,30
-2,363,-185,-356
-499,-93,503,96
180,-324,7,322
432,209,-502,-208
-333,252,178,-251
-313,-308,437,296
448,-141,-336,147
154,357,-319,-351
-503,20,444,-22
25,-365,166,357
493,106,-499,-103
-199,330,11,-319
-420,-225,495,218
349,-245,-196,239
292,313,-427,-307
-460,125,348,-122
-132,-359,306,351
507,5,-454,-5
-46,360,-138,-356
-484,-132,506,128
221,-312,-44,317
403,243,-496,-237
-371,226,224,-228
-271,-320,416,316
467,-115,-372,114
105,361,-278,-356
-502,-15,465,10
75,-357,111,354
481,143,-509,-136
-244,305,70,-303
-392,-255,485,244
380,-215,-240,210
250,332,-399,-325
-476,96,388,-92
-80,-365,261,358
509,38,-480,-35
-103,351,-88,-346
-467,-162,510,157
270,-292,-91,296
372,267,-481,-260
-406,198,260,-202
-224,-340,381,332
484,-74,-401,78
51,365,-238,-363
-504,-58,487,54
125,-345,67,341
466,176,-508,-175
-290,280,119,-275
-356,-279,467,272
414,-179,-285,175
208,345,-363,-334
-494,59,417,-56
-29,-367,218,360
502,70,-497,-66
-153,341,-44,-337
-445,-188,505,180
310,-272,-140,272
334,285,-457,-281
-426,169,304,-171
-179,-348,349,342
495,-44,-430,49
11,368,-193,-361
-506,-91,500,84
168,-334,16,332
438,210,-505,-202
-327,256,167,-258
-316,-298,442,289
442,-151,-325,154
159,351,-325,-346
-501,23,439,-24
16,-357,169,355
498,106,-502,-106
-192,320,11,-318
-426,-222,493,218
345,-247,-187,241
298,311,-429,-305
-452,137,341,-133
-135,-358,310,353
499,-6,-456,11
-44,361,-145,-351
-488,-116,513,112
215,-320,-33,311
415,231,-496,-226
-363,233,210,-230
-279,-320,421,314
464,-118,-366,117
114,365,-292,-358
-504,-13,466,11
65,-358,123,353
479,141,-506,-139
-241,305,59,-298
-392,-247,489,246
379,-221,-232,212
257,327,-408,-323
-475,102,378,-103
-88,-360,266,356
507,29,-475,-23
-96,351,-93,-344
-469,-155,508,149
265,-297,-89,292
379,268,-478,-258
-397,202,262,-199
-241,-338,388,333
482,-86,-396,82
66,360,-242,-357
-508,-47,485,44
119,-346,68,339
465,175,-512,-169
-282,289,109,-282
-364,-274,466,270
412,-190,-277,181
213,337,-372,-329
-489,65,415,-63
-35,-359,222,357
502,67,-494,-62
-142,339,-40,-338
-451,-190,504,182
302,-279,-134,271
341,287,-455,-277
-427,179,298,-173
-190,-346,347,336
494,-49,-426,50
15,363,-199,-358
-495,-88,496,83
166,-333,25,333
438,207,-500,-202
-326,259,156,-256
-326,-298,443,290
439,-152,-317,149
168,355,-329,-346
-500,25,437,-28
13,-362,173,352
498,99,-499,-95
-191,330,1,-323
-423,-221,495,216
343,-250,-181,248
295,311,-430,-305
-450,139,342,-137
-143,-359,313,349
501,-13,-453,15
-32,366,-149,-357
-486,-118,502,112
211,-321,-31,316
411,230,-497,-225
-358,237,201,-236
-287,-317,429,311
460,-122,-353,124
125,361,-292,-359
-507,-8,460,4
58,-360,128,356
484,136,-507,-124
-238,311,47,-309
-396,-244,490,237
375,-222,-226,217
267,327,-409,-322
-464,103,373,-104
-98,-368,278,362
505,23,-471,-18
-84,357,-111,-352
-477,-151,508,148
255,-298,-72,298
379,264,-479,-256
-391,207,247,-211
-244,-337,393,331
478,-90,-391,89
70,363,-251,-361
-504,-41,480,41
113,-346,79,341
465,164,-507,-161
-275,285,102,-285
-370,-270,474,266
405,-192,-274,193
223,342,-379,-337
-484,78,409,-72
-49,-368,232,362
505,57,-489,-54
-133,341,-57,-336
-453,-179,507,172
293,-277,-125,277
351,276,-465,-273
-419,178,291,-180
-205,-345,359,339
493,-51,-415,52
24,367,-206,-358
-505,-80,493,79
156,-337,33,333
446,201,-509,-195
-311,265,145,-267
-332,-299,450,287
434,-162,-308,161
180,353,-343,-341
-498,41,433,-41
0,-363,190,361
494,91,-502,-87
-181,330,-6,-328
-429,-212,505,206
334,-251,-172,250
310,300,-440,-294
-447,141,331,-145
-155,-351,321,347
505,-13,-446,21
-25,360,-168,-358
-487,-114,504,106
200,-318,-14,318
418,224,-497,-220
-349,235,194,-237
-293,-309,426,305
456,-130,-348,129
125,361,-305,-354
-507,-1,457,3
50,-361,140,353
490,131,-506,-129
-225,310,46,-308
-404,-238,497,238
375,-228,-221,227
270,327,-416,-317
-470,111,368,-110
-104,-361,280,350
503,18,-470,-19
-71,352,-115,-349
-476,-148,508,145
244,-301,-67,300
387,254,-482,-251
-388,208,241,-209
-249,-325,400,320
473,-97,-383,104
84,362,-265,-356
-505,-31,481,28
99,-350,88,345
473,158,-510,-156
-268,296,96,-292
-374,-264,473,260
399,-199,-263,198
227,334,-383,-331
-482,77,398,-78
-56,-364,241,357
503,54,-486,-48
-126,344,-60,-342
-458,-181,511,175
290,-279,-122,278
357,279,-465,-274
-416,187,283,-182
-205,-344,362,338
491,-60,-416,61
31,359,-211,-356
-503,-72,494,68
148,-335,37,333
451,193,-502,-189
-310,270,141,-270
-339,-292,453,286
431,-160,-305,161
181,345,-351,-340
-495,37,433,-36
-6,-357,197,353
499,91,-498,-88
-173,328,-18,-324
-441,-211,501,200
329,-260,-161,255
319,301,-443,-290
-444,154,320,-154
-157,-352,331,349
504,-21,-441,24
-20,361,-173,-358
-492,-103,508,103
194,-328,-16,324
422,220,-499,-217
-346,244,194,-244
-302,-311,429,306
450,-137,-340,133
138,359,-309,-357
-501,12,453,-5
45,-363,145,360
488,123,-511,-123
-220,314,38,-309
-410,-232,494,225
365,-230,-210,230
280,316,-418,-309
-463,119,359,-120
-114,-362,290,357
506,8,-468,-9
-68,357,-124,-353
-483,-137,511,129
240,-306,-58,305
395,251,-488,-244
-380,211,235,-207
-259,-327,408,324
474,-92,-381,91
92,361,-271,-354
-504,-31,472,23
86,-356,99,353
474,154,-506,-148
-260,302,85,-300
-382,-266,478,259
397,-202,-261,200
240,339,-386,-332
-480,78,398,-83
-64,-361,241,360
504,46,-481,-40
-117,347,-70,-343
-465,-172,508,165
280,-286,-104,282
364,276,-474,-268
-411,186,277,-183
-212,-340,368,336
485,-69,-412,69
43,366,-222,-360
-502,-65,487,57
140,-339,49,334
451,187,-509,-184
-307,274,136,-270
-341,-289,463,283
425,-171,-295,174
190,349,-354,-335
-491,44,418,-51
-11,-359,204,352
498,82,-496,-81
-166,332,-21,-330
-442,-202,512,199
323,-258,-160,262
325,298,-455,-292
-437,152,317,-154
-167,-349,334,349
495,-30,-442,32
-13,355,-175,-354
-492,-97,506,89
187,-329,-6,322
427,216,-500,-209
-338,254,188,-251
-307,-309,434,301
450,-136,-338,142
145,357,-311,-351
-503,11,450,-13
35,-358,149,356
489,112,-509,-116
-211,318,24,-313
-412,-235,496,228
361,-232,-200,229
285,319,-419,-308
-463,118,353,-121
-117,-356,293,350
505,7,-462,-1
-63,360,-128,-356
-482,-130,509,124
230,-312,-55,311
403,238,-491,-234
-379,218,229,-219
-265,-324,411,318
475,-106,-374,106
92,369,-272,-362
-503,-23,470,20
83,-357,104,349
477,156,-505,-146
-254,299,73,-294
-380,-263,479,252
391,-213,-253,207
238,334,-393,-329
-477,94,393,-90
-71,-362,256,356
507,42,-483,-37
-110,347,-81,-341
-467,-168,512,163
279,-289,-97,286
366,271,-474,-266
-412,190,267,-190
-218,-334,377,328
486,-72,-409,76
47,363,-226,-359
-503,-55,488,52
132,-349,50,345
456,180,-508,-177
-298,282,130,-280
-345,-284,464,275
417,-178,-292,177
202,348,-356,-341
-487,55,416,-56
-27,-364,208,364
501,73,-492,-69
-160,341,-33,-337
-446,-196,505,194
316,-270,-148,263
332,294,-449,-288
-435,162,310,-163
-175,-354,341,344
500,-37,-436,44
-1,363,-187,-360
-495,-93,503,89
177,-325,5,323
430,212,-499,-208
-335,253,165,-249
-312,-307,439,300
445,-143,-325,142
155,358,-321,-351
-503,12,448,-16
25,-363,165,357
495,112,-505,-106
-202,322,16,-322
-421,-227,494,219
353,-237,-200,240
294,312,-423,-308
-461,129,347,-131
-129,-360,305,357
506,1,-458,5
-51,355,-138,-351
-481,-124,512,121
221,-307,-44,304
406,236,-490,-237
-368,223,217,-219
-274,-325,406,318
469,-107,-366,105
99,359,-280,-353
-507,-16,467,16
78,-355,112,348
485,147,-504,-143
-249,305,73,-299
-392,-260,481,251
390,-214,-243,214
247,338,-401,-329
-476,89,384,-85
-75,-365,263,353
504,41,-474,-42
-107,349,-88,-341
-468,-167,504,159
269,-295,-91,292
373,274,-474,-266
-399,198,262,-193
-230,-337,378,330
486,-78,-401,75
55,365,-238,-356
-503,-53,489,49
124,-346,72,339
457,176,-512,-170
-287,284,111,-280
-358,-277,466,273
418,-185,-283,181
208,343,-366,-336
-488,61,415,-61
-29,-367,216,359
493,70,-491,-69
-149,345,-39,-336
-445,-191,510,188
309,-275,-143,269
340,287,-458,-283
-431,170,306,-170
-184,-347,345,343
495,-42,-428,42
5,362,-194,-354
-501,-87,498,86
172,-331,14,328
438,201,-501,-199
-327,262,166,-258
-318,-298,444,296
443,-155,-324,152
163,355,-329,-351
-498,26,443,-30
12,-361,170,357
495,105,-499,-98
-198,323,12,-318
-429,-221,493,217
353,-243,-190,239
297,309,-434,-305
-453,135,342,-133
-137,-361,314,355
503,-5,-455,10
-39,359,-145,-355
-487,-126,507,115
215,-309,-32,308
412,236,-495,-227
-364,231,207,-227
-281,-323,418,313
464,-120,-364,121
109,364,-284,-357
-500,-10,466,9
66,-354,122,352
481,138,-507,-140
-237,308,57,-304
-399,-253,489,246
382,-218,-237,219
255,331,-403,-324
-469,100,378,-100
-86,-368,269,364
502,29,-471,-31
-91,355,-103,-349
-475,-153,512,151
263,-293,-84,291
381,259,-479,-254
-398,203,254,-204
-237,-337,385,332
486,-81,-394,82
62,362,-246,-358
-509,-50,486,46
118,-345,76,342
466,168,-511,-166
-283,287,105,-288
-366,-272,473,269
413,-186,-278,186
212,347,-368,-334
-490,61,409,-66
-40,-364,219,357
508,63,-488,-61
-134,342,-44,-335
-457,-184,506,179
302,-276,-137,272
341,288,-452,-281
-425,170,298,-170
-190,-352,351,348
493,-47,-429,45
12,371,-201,-363
-496,-86,498,82
163,-337,23,331
442,203,-507,-199
-318,261,154,-258
-329,-293,450,293
438,-155,-315,153
167,354,-331,-348
-493,28,436,-31
9,-362,180,355
489,100,-503,-93
-184,324,7,-322
-427,-216,497,212
338,-250,-186,250
303,308,-435,-304
-448,137,335,-137
-144,-359,323,349
506,-8,-454,11
-36,363,-156,-355
-493,-117,512,114
212,-318,-28,315
414,230,-498,-226
-359,234,199,-234
-287,-317,420,314
462,-119,-350,121
120,355,-291,-356
-502,-4,459,6
60,-355,132,348
481,135,-506,-132
-232,308,48,-303
-398,-247,486,243
375,-217,-226,216
263,321,-407,-314
-468,105,373,-104
-95,-364,273,353
504,26,-473,-20
-84,357,-106,-353
-475,-155,513,150
254,-302,-74,296
386,265,-485,-259
-397,207,255,-205
-242,-338,392,332
481,-88,-393,91
74,367,-253,-359
-508,-43,477,38
103,-346,80,343
471,164,-506,-164
-274,286,101,-284
-367,-269,472,266
404,-190,-271,188
224,341,-377,-331
-482,71,408,-71
-49,-363,228,354
503,59,-487,-52
-136,342,-53,-334
-457,-180,508,170
298,-279,-124,274
349,279,-466,-274
-423,175,290,-173
-196,-346,363,341
492,-50,-424,52
22,369,-213,-361
-497,-74,500,73
155,-342,29,337
447,192,-508,-190
-318,272,152,-267
-333,-287,451,285
428,-164,-313,158
172,345,-338,-338
-492,39,437,-37
4,-363,181,358
501,91,-498,-89
-177,327,-2,-323
-433,-209,499,201
333,-251,-176,245
311,301,-442,-292
-447,150,328,-145
-156,-357,322,351
498,-15,-445,16
-24,361,-162,-354
-489,-115,507,111
206,-319,-16,317
417,225,-499,-219
-354,242,197,-238
-288,-310,427,302
455,-135,-352,127
126,359,-302,-350
-503,0,458,-1
49,-357,137,351
487,128,-512,-124
-226,311,46,-303
-404,-240,496,232
368,-228,-220,223
273,328,-410,-314
-463,114,363,-112
-108,-364,280,357
504,18,-468,-19
-78,351,-111,-348
-475,-148,507,145
249,-300,-73,297
386,255,-481,-253
-384,208,246,-210
-253,-329,400,326
477,-91,-390,90
79,362,-266,-357
-504,-38,475,37
102,-351,94,347
470,162,-503,-158
-270,292,94,-289
-372,-264,476,261
401,-197,-265,198
228,340,-386,-332
-482,76,399,-75
-57,-369,238,357
503,55,-488,-56
-127,344,-60,-337
-456,-175,508,170
291,-282,-116,280
354,277,-465,-269
-417,180,285,-178
-206,-337,363,333
491,-60,-416,56
28,359,-212,-359
-500,-69,491,68
149,-345,42,340
448,199,-511,-190
-309,273,137,-266
-335,-292,457,285
428,-166,-305,161
182,348,-344,-347
-492,38,431,-40
-8,-363,192,358
497,91,-500,-84
-173,335,-14,-327
-435,-206,505,198
329,-259,-166,260
320,298,-442,-291
-445,154,322,-152
-160,-353,329,342
507,-27,-442,28
-21,362,-169,-351
-495,-108,498,105
196,-325,-12,317
422,225,-493,-225
-348,247,189,-239
-301,-311,434,307
453,-133,-344,132
137,357,-310,-352
-499,5,450,-9
43,-362,145,352
485,126,-503,-118
-214,319,38,-309
-406,-238,493,232
365,-237,-212,230
277,317,-419,-312
-470,123,360,-121
-113,-359,287,355
503,15,-460,-5
-65,357,-122,-356
-477,-142,505,135
237,-310,-63,305
395,247,-490,-243
-381,223,239,-217
-261,-326,406,323
474,-102,-381,101
88,362,-266,-359
-508,-31,476,28
92,-354,95,344
475,156,-506,-148
-257,296,83,-291
-382,-258,471,252
396,-200,-253,205
238,335,-384,-331
-483,84,400,-82
-63,-372,241,362
504,46,-483,-45
-117,351,-70,-345
-459,-166,503,166
280,-286,-109,289
361,269,-471,-272
-407,191,278,-191
-219,-349,369,337
486,-62,-407,64
36,366,-220,-359
-499,-63,490,61
145,-340,45,339
444,183,-508,-180
-298,280,134,-275
-340,-293,459,286
425,-173,-299,172
189,350,-355,-345
-497,52,423,-51
-10,-363,205,360
499,79,-493,-76
-167,335,-21,-329
-440,-203,505,196
322,-266,-161,260
326,300,-451,-294
-439,157,318,-157
-166,-349,330,342
496,-34,-433,37
-11,364,-175,-357
-497,-101,499,93
186,-333,-2,327
431,223,-502,-213
-341,244,181,-244
-304,-304,434,295
449,-139,-333,142
143,357,-313,-349
-501,14,449,-16
33,-362,152,357
493,116,-506,-115
-207,320,25,-314
-412,-229,496,229
355,-235,-204,232
283,312,-422,-311
-460,123,358,-120
-122,-357,298,350
505,7,-463,-8
-62,357,-131,-348
-483,-136,507,131
238,-312,-52,306
398,241,-488,-239
-375,225,226,-222
-266,-318,411,318
471,-103,-376,104
95,360,-278,-351
-507,-28,475,20
88,-355,102,350
474,154,-508,-148
-253,296,80,-294
-387,-259,482,249
390,-202,-252,204
242,329,-391,-326
-479,88,390,-91
-66,-367,252,366
508,45,-477,-44
-109,354,-83,-343
-469,-174,512,166
276,-288,-100,283
367,267,-473,-262
-407,192,266,-190
-222,-336,371,333
485,-71,-402,69
46,366,-227,-362
-501,-54,488,59
133,-344,56,338
453,182,-509,-178
-293,274,124,-269
-344,-281,462,272
419,-176,-291,174
194,343,-354,-340
-489,56,419,-57
-22,-368,210,367
503,77,-499,-74
-156,336,-32,-333
-447,-196,508,195
313,-263,-149,262
332,295,-452,-293
-435,158,309,-157
-174,-351,344,345
498,-35,-433,34
-3,360,-188,-357
-493,-94,499,91
178,-329,6,328
429,216,-500,-213
-331,246,170,-246
-311,-303,444,296
444,-140,-330,144
153,356,-327,-350
-504,18,450,-19
27,-360,164,358
497,107,-507,-109
-202,319,17,-314
-419,-222,493,217
349,-240,-198,239
291,313,-420,-310
-457,126,351,-130
-130,-357,307,355
508,-2,-462,9
-53,359,-136,-352
-485,-128,507,119
225,-314,-48,311
398,242,-490,-235
-367,227,219,-230
-268,-323,412,313
466,-111,-372,116
104,361,-281,-353
-503,-16,467,17
75,-356,117,351
475,148,-505,-144
-246,303,70,-301
-389,-251,484,246
385,-214,-242,210
255,326,-397,-317
-474,98,383,-97
-83,-371,259,356
502,40,-481,-36
-103,350,-90,-344
-469,-162,512,159
270,-287,-90,286
372,263,-479,-256
-397,198,265,-197
-229,-333,382,329
481,-84,-403,83
59,364,-239,-363
-503,-53,486,48
123,-347,62,341
453,181,-508,-174
-284,283,119,-276
-356,-280,466,272
416,-184,-283,178
209,346,-364,-335
-491,59,414,-60
-31,-365,218,361
504,75,-488,-72
-148,337,-40,-336
-451,-196,506,193
313,-267,-145,265
332,288,-456,-284
-431,167,303,-168
-182,-350,343,345
495,-44,-426,44
7,368,-195,-359
-494,-87,494,87
172,-334,18,331
436,207,-502,-204
-328,260,168,-258
-321,-303,445,296
440,-153,-325,149
160,358,-328,-349
-496,23,442,-28
16,-361,175,357
494,107,-503,-102
-192,323,5,-318
-425,-225,494,221
347,-244,-185,238
301,311,-429,-306
-455,131,340,-134
-140,-357,309,355
503,-10,-452,8
-42,363,-147,-354
-484,-117,502,119
215,-318,-35,311
407,235,-491,-227
-363,233,218,-232
-279,-316,416,306
467,-121,-365,117
113,361,-287,-352
-503,-17,464,18
69,-356,122,350
473,142,-509,-138
-239,307,57,-304
-388,-246,493,238
377,-223,-229,218
260,326,-408,-316
-475,103,377,-104
-89,-360,266,357
505,26,-478,-23
-94,350,-98,-349
-469,-155,508,152
259,-293,-78,292
380,263,-476,-257
-397,200,257,-200
-238,-335,385,323
484,-83,-398,84
60,366,-243,-353
-505,-45,478,43
119,-351,78,342
464,174,-506,-167
-282,286,111,-286
-365,-277,465,273
415,-189,-284,189
215,345,-370,-342
-487,64,411,-66
-40,-367,228,360
496,70,-490,-65
-135,339,-50,-331
-449,-184,507,184
301,-273,-133,272
341,288,-461,-282
-426,169,298,-173
-191,-352,357,345
490,-48,-425,47
14,363,-201,-360
-498,-81,494,76
167,-338,22,329
443,206,-505,-198
-322,265,158,-261
-321,-298,450,292
436,-157,-318,161
160,349,-337,-344
-495,34,439,-37
12,-363,180,359
494,98,-499,-94
-184,328,1,-324
-431,-218,496,210
342,-247,-182,246
306,309,-440,-304
-447,139,339,-136
-142,-360,321,355
498,-19,-451,15
-36,365,-156,-356
-491,-115,501,110
211,-315,-26,313
414,234,-495,-227
-359,230,207,-231
-285,-313,423,308
459,-125,-359,124
120,358,-293,-355
-501,-7,461,6
61,-357,126,354
481,139,-504,-134
-234,310,53,-304
-399,-248,493,240
376,-223,-226,218
267,325,-412,-314
-471,105,372,-108
-99,-362,273,357
505,26,-473,-21
-85,356,-106,-353
-476,-153,511,148
254,-298,-74,294
389,260,-484,-251
-392,205,251,-204
-246,-331,397,325
478,-99,-392,97
72,364,-252,-357
-503,-30,480,29
108,-352,80,344
467,167,-514,-159
-279,289,98,-284
-366,-276,473,263
407,-189,-268,190
222,344,-373,-333
-483,72,406,-73
-51,-366,235,361
499,56,-487,-57
-129,342,-57,-341
-453,-178,507,176
293,-278,-128,278
353,279,-464,-274
-418,176,286,-174
-202,-350,358,342
491,-48,-417,49
21,364,-204,-359
-499,-76,500,73
156,-333,29,331
442,196,-510,-192
-312,265,143,-263
-334,-295,455,288
434,-160,-309,157
179,347,-341,-340
-497,38,436,-38
0,-363,185,362
496,91,-500,-91
-177,332,-4,-331
-434,-213,503,214
337,-253,-175,250
314,304,-445,-299
-444,143,331,-144
-155,-359,329,347
496,-13,-451,22
-27,365,-161,-357
-491,-113,506,109
204,-321,-20,316
419,231,-500,-228
-355,234,196,-234
-288,-315,430,308
456,-130,-348,133
130,361,-304,-350
-504,7,456,-7
48,-363,141,353
486,131,-506,-122
-226,313,45,-310
-401,-236,489,231
370,-229,-216,226
273,312,-416,-313
-469,116,363,-117
-103,-359,282,353
505,16,-470,-10
-75,355,-109,-351
-483,-145,507,144
244,-302,-66,299
390,252,-484,-249
-385,215,236,-211
-248,-327,402,323
472,-98,-382,97
85,362,-263,-360
-500,-39,481,33
96,-347,85,346
470,164,-509,-155
-269,292,93,-294
-374,-265,474,260
401,-193,-262,196
227,336,-380,-330
-485,67,400,-70
-54,-363,235,355
509,54,-485,-48
-129,349,-65,-344
-459,-171,512,167
289,-284,-116,283
354,275,-468,-270
-413,183,280,-183
-205,-345,366,339
487,-59,-411,59
30,366,-217,-359
-499,-72,491,64
150,-338,40,339
446,185,-506,-183
-310,278,146,-273
-333,-289,452,283
428,-173,-308,167
184,354,-343,-345
-498,42,430,-44
-6,-362,193,355
498,85,-500,-84
-174,333,-14,-325
-435,-209,504,204
326,-261,-164,258
320,307,-446,-299
-440,149,321,-151
-158,-354,330,348
497,-24,-440,27
-22,358,-172,-357
-492,-106,503,105
199,-318,-6,320
424,223,-499,-218
-347,242,190,-240
-301,-312,430,304
451,-134,-345,132
137,361,-309,-356
-502,5,449,-10
43,-362,150,361
484,119,-508,-115
-215,320,36,-315
-407,-235,496,229
364,-236,-210,230
277,323,-419,-314
-463,123,362,-118
-112,-362,290,356
504,13,-469,-8
-64,358,-123,-352
-482,-140,504,138
238,-312,-58,306
395,245,-487,-246
-381,225,235,-219
-260,-326,406,318
472,-105,-380,107
91,358,-264,-356
-507,-26,473,22
93,-348,101,347
476,156,-509,-150
-266,297,84,-289
-375,-263,476,257
400,-203,-259,200
232,338,-384,-334
-482,79,394,-80
-65,-368,246,359
505,48,-480,-46
-116,350,-75,-345
-463,-170,505,168
279,-292,-109,287
364,275,-470,-269
-412,191,279,-183
-215,-333,376,328
490,-68,-410,68
38,360,-227,-359
-499,-66,491,64
140,-341,43,340
456,187,-510,-186
-304,276,139,-273
-352,-287,460,279
423,-174,-297,175
197,345,-356,-339
-491,46,423,-53
-14,-360,203,356
497,84,-498,-75
-166,335,-20,-331
-439,-206,500,199
321,-260,-156,263
325,298,-446,-296
-436,154,317,-151
-164,-349,334,342
495,-34,-439,28
-12,363,-174,-355
-494,-101,500,100
188,-330,-4,328
427,224,-498,-217
-343,248,181,-250
-305,-305,438,297
454,-142,-337,142
145,352,-321,-347
-505,16,447,-16
33,-356,154,358
490,114,-500,-114
-209,317,25,-317
-410,-231,497,229
356,-239,-202,237
283,317,-420,-311
-460,126,352,-125
-122,-361,294,354
511,8,-459,-5
-61,357,-133,-351
-488,-137,513,127
234,-309,-57,305
400,247,-490,-239
-379,226,227,-224
-266,-329,410,327
475,-109,-368,107
100,365,-278,-360
-507,-29,468,26
81,-350,102,342
475,153,-506,-145
-256,297,79,-295
-380,-255,482,249
396,-208,-247,206
244,335,-391,-329
-479,89,383,-83
-81,-367,255,359
507,40,-475,-39
-106,349,-88,-343
-467,-164,513,157
279,-290,-103,287
368,270,-475,-264
-409,189,273,-190
-224,-335,374,334
485,-70,-403,73
47,365,-233,-363
-500,-57,490,56
131,-346,60,341
457,182,-509,-179
-294,281,125,-274
-350,-281,462,275
425,-181,-289,177
193,345,-363,-342
-492,51,418,-55
-22,-366,214,362
501,79,-495,-71
-157,340,-38,-334
-448,-199,508,190
311,-270,-146,264
333,291,-451,-286
-426,167,314,-160
-175,-348,336,341
494,-43,-432,39
-2,366,-191,-360
-496,-87,501,86
178,-336,7,332
435,206,-499,-202
-335,259,173,-255
-312,-301,438,299
444,-147,-331,145
153,357,-319,-353
-503,18,449,-19
27,-364,160,350
493,114,-504,-106
-201,319,13,-313
-416,-225,500,218
349,-235,-197,238
293,310,-426,-302
-458,126,351,-131
-132,-362,301,354
507,-4,-454,3
-50,362,-139,-355
-488,-125,503,122
225,-311,-44,310
405,240,-492,-236
-371,227,222,-226
-274,-322,416,319
468,-115,-367,109
104,358,-280,-351
-502,-12,465,13
76,-355,113,350
482,142,-509,-140
-247,303,69,-301
-394,-252,484,251
385,-209,-245,208
250,328,-392,-324
-472,92,382,-97
-82,-364,260,360
506,36,-475,-31
-97,350,-87,-348
-473,-160,511,158
266,-292,-101,289
374,271,-473,-261
-401,193,265,-194
-231,-336,381,330
484,-80,-401,81
59,361,-239,-360
-505,-46,483,43
124,-347,66,345
456,175,-510,-172
-289,278,116,-275
-352,-278,471,272
414,-179,-284,177
208,348,-366,-337
-489,59,411,-66
-29,-363,219,362
498,67,-491,-61
-149,339,-39,-334
-444,-191,510,185
311,-275,-143,264
333,292,-455,-285
-431,167,305,-165
-181,-355,342,348
495,-41,-431,43
7,367,-190,-358
-500,-85,492,82
169,-329,15,326
437,203,-498,-198
-327,257,166,-256
-318,-299,448,291
448,-148,-327,146
157,354,-328,-348
-504,20,440,-20
22,-365,170,360
495,108,-503,-106
-194,327,10,-325
-424,-223,497,221
345,-241,-185,244
301,308,-435,-306
-456,129,342,-132
-138,-352,312,349
502,-5,-457,8
-47,353,-140,-350
-486,-125,507,120
220,-315,-34,309
413,240,-494,-236
-364,235,211,-229
-280,-322,420,314
464,-120,-364,122
111,361,-290,-354
-505,-11,462,6
70,-353,121,349
480,134,-508,-135
-243,310,60,-302
-394,-245,490,243
384,-226,-232,219
257,328,-402,-317
-474,102,379,-101
-90,-363,267,353
505,34,-475,-27
-90,352,-98,-350
-474,-158,505,154
263,-297,-89,295
377,262,-474,-257
-397,204,259,-200
-233,-336,387,325
478,-86,-395,86
66,367,-246,-357
-504,-48,480,42
116,-351,75,346
461,179,-512,-171
-284,290,108,-287
-361,-281,475,275
409,-188,-275,188
222,335,-371,-334
-488,67,409,-68
-44,-361,225,358
498,64,-493,-61
-138,348,-51,-339
-448,-188,507,182
300,-280,-133,273
346,287,-455,-277
-422,176,299,-173
-193,-349,352,338
490,-47,-428,53
15,358,-206,-353
-497,-78,499,75
165,-335,23,328
442,204,-501,-199
-320,263,157,-260
-331,-301,448,288
439,-154,-315,156
169,350,-338,-342
-499,32,435,-33
12,-365,181,360
495,99,-501,-95
-184,333,-2,-325
-432,-218,501,212
336,-253,-177,251
308,304,-434,-301
-448,146,334,-145
-143,-359,314,352
500,-18,-454,15
-33,364,-155,-357
-486,-116,506,112
211,-319,-28,315
417,232,-492,-225
-362,239,207,-236
-289,-315,423,310
457,-125,-358,129
123,358,-296,-356
-500,-3,466,3
54,-356,126,351
485,130,-508,-128
-233,306,54,-303
-401,-241,483,234
379,-223,-226,220
269,324,-405,-321
-474,107,375,-109
-97,-361,273,359
508,23,-472,-15
-86,355,-106,-350
-476,-146,506,143
253,-307,-75,302
382,260,-484,-253
-385,211,252,-210
-246,-333,396,325
477,-91,-391,87
71,362,-257,-357
-506,-40,477,39
115,-346,87,347
469,167,-506,-162
-277,284,101,-283
-369,-267,472,259
405,-194,-269,192
222,341,-381,-332
-486,71,404,-73
-50,-365,232,362
505,60,-488,-59
-129,344,-59,-342
-455,-182,513,182
291,-283,-126,277
350,281,-462,-280
-422,182,293,-176
-200,-346,356,340
495,-52,-417,57
27,367,-207,-361
-503,-81,499,77
153,-341,22,332
449,197,-505,-195
-318,274,148,-265
-332,-293,451,288
435,-166,-307,162
178,351,-345,-350
-497,37,430,-38
1,-363,190,355
497,91,-498,-84
-181,329,-5,-324
-428,-208,505,206
328,-256,-178,254
313,300,-437,-299
-439,146,332,-145
-154,-350,323,347
500,-19,-447,26
-26,362,-165,-359
-494,-107,506,104
200,-327,-21,322
416,225,-498,-225
-349,244,195,-241
-291,-314,424,308
455,-131,-346,131
131,357,-298,-355
-502,3,458,-1
50,-355,141,354
485,125,-508,-122
-226,310,39,-305
-408,-238,488,227
372,-226,-216,223
271,320,-416,-315
-465,115,372,-113
-107,-361,284,358
506,13,-472,-11
-68,357,-113,-353
-480,-143,511,141
248,-307,-73,301
387,255,-483,-251
-389,212,246,-210
-249,-332,394,323
479,-93,-382,97
79,361,-263,-358
-507,-35,479,33
97,-348,90,344
470,161,-507,-156
-262,293,93,-289
-378,-263,477,260
404,-198,-262,195
230,333,-385,-329
-486,77,399,-76
-55,-360,237,355
505,50,-484,-47
-126,343,-66,-341
-462,-176,510,174
293,-281,-120,278
359,276,-470,-274
-417,180,286,-180
-212,-340,365,333
490,-59,-412,59
37,366,-214,-355
-505,-72,488,73
144,-341,41,333
451,194,-502,-191
-306,271,142,-268
-337,-291,457,285
429,-166,-312,163
183,349,-349,-339
-496,44,431,-42
-6,-363,194,354
494,87,-495,-83
-171,332,-16,-329
-436,-210,511,203
332,-260,-170,258
318,299,-450,-291
-443,153,324,-153
-162,-351,332,343
496,-25,-436,24
-12,361,-171,-356
-491,-103,500,100
190,-330,-12,324
421,221,-496,-212
-344,248,184,-244
-301,-307,431,301
455,-133,-341,136
138,358,-310,-353
-505,10,457,-12
44,-367,148,357
488,121,-505,-120
-222,317,30,-313
-409,-233,495,233
370,-233,-208,230
278,318,-421,-313
-465,115,360,-116
-115,-360,290,353
504,10,-463,-11
-68,357,-126,-352
-480,-134,507,135
241,-314,-56,307
397,253,-489,-246
-381,219,234,-220
-260,-328,404,325
475,-99,-374,104
90,360,-268,-355
-506,-26,473,25
91,-351,96,343
470,151,-512,-149
-260,297,86,-295
-378,-261,477,257
396,-205,-250,202
239,335,-385,-329
-486,84,396,-83
-68,-362,242,355
507,47,-486,-43
-116,341,-72,-336
-462,-169,508,164
284,-283,-110,281
365,272,-470,-268
-413,188,275,-187
-215,-342,372,338
487,-62,-404,68
40,363,-226,-362
-500,-65,488,62
136,-341,50,341
452,188,-503,-186
-305,275,131,-272
-343,-289,455,282
428,-174,-295,168
193,347,-354,-343
-495,50,422,-48
-14,-363,204,359
501,83,-496,-81
-166,336,-22,-330
-440,-201,504,198
319,-264,-157,258
327,293,-447,-287
-439,152,316,-152
-165,-348,334,342
498,-25,-439,28
-15,361,-179,-354
-493,-102,505,97
185,-334,0,325
430,222,-503,-216
-337,254,175,-247
-306,-309,436,305
451,-139,-336,133
147,355,-312,-347
-504,17,452,-14
30,-358,157,354
493,111,-503,-109
-213,319,21,-316
-419,-231,494,226
361,-237,-203,235
293,319,-422,-308
-462,121,355,-127
-122,-360,291,353
508,7,-458,-3
-58,355,-131,-354
-482,-134,508,130
224,-312,-42,309
395,242,-493,-236
-373,227,223,-226
-261,-317,410,317
473,-109,-378,107
95,360,-277,-354
-506,-22,474,22
84,-359,112,351
480,149,-511,-148
-256,304,71,-302
-391,-259,486,257
392,-210,-250,204
246,335,-395,-326
-476,94,391,-91
-71,-366,256,362
499,40,-477,-34
-105,348,-88,-348
-463,-165,507,162
273,-288,-100,285
369,263,-474,-263
-410,192,272,-194
-223,-341,379,335
483,-64,-405,71
50,370,-238,-363
-502,-60,489,58
132,-350,63,342
460,179,-507,-174
-298,281,121,-280
-350,-281,462,277
421,-179,-288,178
199,344,-361,-336
-489,59,418,-59
-24,-363,204,357
501,79,-493,-73
-157,337,-33,-335
-448,-201,508,195
316,-270,-140,264
333,291,-455,-285
-434,162,311,-161
-175,-348,338,344
498,-33,-430,42
0,363,-188,-360
-498,-93,500,85
176,-330,7,327
435,209,-509,-204
-331,254,179,-251
-315,-300,435,295
443,-145,-330,144
153,354,-321,-346
-499,18,448,-19
25,-360,165,358
493,107,-510,-109
-205,325,21,-322
-419,-223,499,219
353,-245,-193,244
293,312,-423,-304
-457,127,343,-132
-128,-356,300,354
505,-4,-456,5
-50,358,-140,-357
-482,-123,506,120
218,-317,-47,315
405,244,-489,-238
-370,228,227,-224
-276,-325,411,316
469,-107,-367,109
108,357,-281,-354
-504,-22,464,17
74,-352,108,353
478,146,-506,-142
-245,306,73,-300
-391,-252,489,244
385,-214,-240,213
255,328,-406,-321
-475,98,380,-98
-83,-364,262,358
503,29,-472,-30
-99,355,-91,-348
-473,-161,511,156
270,-289,-95,288
375,267,-477,-259
-403,197,263,-195
-231,-341,382,328
486,-80,-400,80
62,369,-244,-359
-506,-57,487,53
125,-343,67,340
458,177,-506,-170
-294,284,120,-280
-357,-276,469,269
416,-183,-288,184
211,342,-369,-337
-486,55,414,-61
-30,-364,217,358
498,73,-492,-68
-149,343,-37,-331
-448,-195,507,188
303,-273,-144,266
337,293,-457,-290
-424,164,300,-165
-183,-351,351,347
497,-40,-425,46
10,363,-200,-357
-501,-82,495,79
169,-335,20,328
432,204,-502,-200
-328,263,166,-260
-319,-304,447,298
445,-151,-325,152
162,352,-330,-351
-499,28,440,-28
19,-362,172,356
495,102,-502,-99
-192,324,5,-322
-425,-219,498,216
345,-245,-185,247
298,306,-431,-301
-455,137,343,-139
-137,-360,310,353
503,-4,-451,10
-44,360,-150,-353
-484,-124,503,116
215,-315,-32,313
408,236,-492,-227
-360,233,210,-235
-282,-316,416,308
466,-124,-363,124
113,360,-288,-352
-506,-9,466,5
68,-358,122,355
480,146,-510,-139
-239,305,64,-304
-395,-251,491,246
383,-220,-235,218
256,328,-405,-325
-474,103,375,-101
-85,-366,268,362
502,29,-476,-29
-93,354,-99,-348
-470,-155,513,149
261,-299,-84,298
379,264,-479,-255
-398,206,256,-209
-239,-332,387,326
485,-84,-394,88
67,358,-247,-354
-506,-48,478,42
113,-347,73,341
460,175,-510,-165
-280,288,110,-286
-363,-278,477,267
406,-187,-272,192
222,345,-375,-333
-487,62,407,-67
-40,-366,227,355
504,66,-496,-65
-140,341,-45,-335
-451,-186,504,184
301,-273,-133,272
348,283,-456,-278
-426,176,296,-177
-195,-349,357,346
494,-49,-428,48
15,367,-199,-363
-500,-86,497,84
160,-332,19,329
437,202,-507,-198
-320,262,161,-258
-323,-295,445,291
442,-157,-318,155
168,349,-335,-346
-493,31,438,-33
6,-360,188,359
493,98,-502,-94
-184,329,0,-324
-432,-217,498,209
336,-253,-182,244
309,300,-439,-300
-448,145,336,-138
-146,-351,319,353
503,-14,-451,15
-37,362,-158,-357
-488,-115,507,108
214,-323,-21,316
415,227,-493,-221
-359,240,203,-235
-284,-314,422,311
461,-124,-363,121
120,359,-295,-355
-506,-7,463,8
55,-358,132,354
484,135,-506,-134
-231,313,48,-305
-401,-248,489,241
371,-220,-221,218
269,328,-405,-321
-467,103,368,-107
-100,-362,276,358
507,22,-473,-19
-83,355,-107,-349
-473,-150,509,148
249,-300,-76,295
386,255,-480,-252
-392,209,243,-207
-249,-333,395,326
481,-88,-385,93
76,370,-253,-363
-501,-42,483,36
104,-354,81,346
466,159,-511,-160
-273,295,94,-288
-373,-265,475,263
402,-197,-270,196
228,340,-379,-332
-482,76,402,-76
-49,-367,236,361
504,54,-484,-57
-134,348,-58,-339
-456,-185,510,177
292,-281,-125,272
348,284,-463,-271
-416,180,287,-177
-206,-347,365,335
495,-51,-421,56
27,364,-213,-357
-502,-77,498,70
157,-335,35,334
445,195,-506,-191
-309,264,144,-265
-337,-293,454,291
436,-160,-314,155
172,350,-343,-343
-500,38,435,-39
0,-366,187,359
494,92,-496,-88
-173,328,-10,-327
-428,-208,505,206
338,-254,-172,251
308,301,-444,-293
-449,147,328,-146
-157,-352,325,346
503,-21,-445,22
-23,364,-165,-360
-491,-109,508,110
200,-326,-19,321
417,228,-499,-224
-350,240,193,-241
-293,-315,429,307
458,-130,-345,132
132,359,-303,-354
-508,0,453,1
50,-359,138,352
489,130,-507,-127
-224,316,48,-313
-403,-246,494,238
368,-227,-227,230
271,330,-413,-318
-465,113,367,-114
-108,-369,282,358
503,17,-467,-14
-73,355,-111,-352
-478,-150,510,145
247,-301,-66,297
391,257,-486,-251
-386,217,235,-213
-250,-331,400,329
472,-98,-379,96
77,365,-261,-363
-499,-34,472,32
101,-350,91,346
470,160,-509,-157
-271,290,90,-288
-372,-266,472,260
402,-195,-263,193
227,334,-374,-325
-480,79,401,-79
-57,-364,241,358
505,49,-484,-44
-125,352,-70,-344
-464,-174,509,171
291,-286,-119,278
357,277,-465,-270
-419,182,285,-185
-207,-341,368,331
491,-64,-416,69
36,363,-223,-354
-504,-70,493,67
148,-335,40,330
453,196,-510,-190
-311,270,147,-266
-340,-292,464,281
428,-171,-310,169
189,348,-349,-339
-497,45,428,-48
-8,-358,194,357
499,84,-497,-82
-176,330,-20,-326
-437,-204,504,198
327,-260,-163,254
324,298,-445,-292
-438,150,325,-151
-165,-354,333,347
501,-22,-440,25
-13,366,-176,-358
-498,-108,501,106
186,-324,-9,326
424,221,-498,-220
-343,243,186,-245
-296,-309,431,306
453,-134,-345,130
139,358,-307,-353
-503,8,457,-8
41,-357,150,357
485,120,-506,-114
-217,319,26,-314
-409,-242,496,231
365,-236,-209,229
283,322,-419,-320
-467,121,360,-119
-113,-363,294,355
502,14,-465,-10
-68,356,-127,-345
-476,-142,507,139
239,-307,-57,303
395,252,-485,-250
-381,222,232,-220
-263,-328,404,322
478,-104,-380,111
87,357,-265,-359
-510,-23,470,19
93,-350,101,352
474,152,-504,-149
-261,296,84,-292
-380,-257,479,251
401,-208,-255,206
244,337,-395,-329
-483,84,390,-84
-67,-365,251,356
502,48,-485,-43
-118,345,-71,-340
-463,-169,511,159
278,-291,-105,290
360,277,-473,-273
-411,189,277,-186
-213,-343,373,337
489,-67,-412,68
41,366,-223,-359
-500,-61,488,55
139,-344,51,343
451,185,-507,-181
-298,276,129,-274
-346,-284,461,284
421,-171,-302,171
195,347,-354,-345
-496,47,430,-50
-16,-360,199,356
502,80,-497,-76
-167,331,-24,-329
-440,-204,505,195
319,-265,-156,263
327,299,-453,-291
-435,161,319,-159
-170,-351,339,345
501,-36,-437,36
-11,364,-176,-358
-490,-97,502,96
187,-332,-4,324
427,220,-502,-214
-345,248,177,-246
-313,-307,436,301
452,-142,-337,145
151,359,-313,-354
-499,17,453,-19
32,-363,153,356
489,114,-504,-114
-209,319,26,-316
-414,-226,491,229
357,-236,-203,235
283,311,-421,-308
-460,122,353,-122
-123,-357,297,351
504,3,-459,-2
-54,359,-131,-356
-482,-128,508,127
228,-315,-48,310
397,246,-488,-240
-369,224,226,-221
-267,-326,408,318
470,-105,-374,108
98,359,-279,-352
-507,-24,471,18
85,-353,107,349
478,150,-509,-147
-253,301,76,-299
-387,-254,481,249
389,-216,-246,212
244,338,-393,-323
-476,94,389,-95
-76,-369,255,359
504,43,-483,-38
-106,345,-84,-342
-467,-163,512,162
274,-292,-96,285
368,271,-474,-265
-405,195,266,-192
-222,-344,382,333
487,-73,-402,72
51,369,-235,-359
-506,-56,484,52
127,-350,53,345
461,185,-506,-174
-296,284,125,-283
-354,-285,464,280
424,-180,-287,177
199,344,-360,-340
-488,57,417,-57
-24,-366,211,358
501,76,-497,-72
-156,341,-33,-333
-449,-196,506,194
314,-267,-150,263
332,291,-453,-286
-435,158,309,-161
-176,-352,346,346
500,-30,-432,36
-2,364,-187,-358
-496,-94,502,89
179,-331,8,327
430,209,-505,-205
-331,253,170,-255
-311,-301,441,297
444,-144,-326,146
155,354,-326,-346
-507,17,441,-20
31,-358,167,354
493,111,-505,-107
-203,321,19,-316
-420,-228,501,224
351,-241,-199,236
293,316,-426,-313
-460,127,351,-128
-126,-362,305,356
500,-2,-458,2
-50,364,-140,-352
-486,-129,503,123
224,-315,-42,307
405,241,-496,-234
-368,226,220,-222
-272,-319,415,313
465,-109,-366,112
107,364,-282,-358
-508,-23,469,18
75,-359,124,353
482,149,-512,-143
-249,301,64,-295
-393,-251,483,242
390,-206,-244,206
253,324,-398,-317
-479,95,386,-98
-78,-367,261,361
507,34,-481,-28
-98,354,-88,-348
-472,-163,510,160
267,-290,-90,282
374,266,-477,-264
-408,195,263,-192
-229,-332,383,330
483,-81,-399,79
61,364,-238,-360
-505,-52,481,51
125,-348,66,341
465,181,-508,-173
-293,278,118,-275
-358,-276,465,273
414,-183,-280,182
208,343,-370,-339
-493,62,415,-65
-33,-360,218,358
505,71,-493,-66
-147,336,-40,-333
-447,-195,505,188
312,-273,-135,268
337,291,-457,-285
-433,164,304,-163
-186,-350,346,342
496,-37,-428,42
11,364,-193,-361
-500,-90,494,86
165,-329,13,330
444,206,-506,-203
-328,255,167,-254
-321,-299,447,293
439,-151,-319,148
162,351,-332,-348
-494,28,442,-28
13,-367,175,362
492,101,-507,-98
-190,333,8,-327
-421,-224,497,221
343,-242,-185,241
303,311,-431,-305
-454,130,342,-133
-143,-360,308,350
507,-3,-454,9
-42,361,-150,-358
-490,-125,507,122
212,-315,-32,312
414,232,-493,-229
-362,233,210,-229
-282,-315,420,308
466,-122,-358,122
116,365,-292,-357
-504,-7,462,6
63,-361,122,354
479,135,-508,-134
-232,308,54,-305
-394,-246,486,242
377,-220,-224,219
263,328,-405,-318
-478,103,378,-103
-91,-363,271,353
504,27,-472,-24
-91,352,-99,-348
-472,-154,503,150
255,-298,-80,295
385,262,-480,-252
-392,206,247,-203
-240,-335,393,327
480,-88,-394,84
66,366,-250,-359
-510,-43,486,39
115,-351,77,345
471,170,-510,-164
-281,285,108,-282
-362,-268,473,267
410,-190,-281,188
214,339,-372,-336
-486,70,414,-69
-45,-374,226,363
502,65,-492,-67
-140,346,-53,-338
-456,-181,509,183
299,-274,-130,272
347,280,-461,-277
-420,174,295,-173
-191,-349,348,340
494,-49,-421,51
16,365,-202,-358
-498,-81,498,82
163,-337,24,330
435,200,-502,-200
-320,264,160,-262
-325,-291,444,288
435,-156,-316,157
170,350,-339,-345
-498,30,441,-31
12,-364,175,359
494,101,-501,-97
-187,327,5,-322
-429,-216,499,210
343,-252,-178,246
307,306,-440,-299
-451,143,336,-141
-147,-360,314,353
501,-12,-444,15
-37,360,-153,-355
-488,-115,501,112
209,-317,-24,317
412,233,-498,-233
-356,234,203,-233
-285,-318,423,312
460,-122,-355,123
121,361,-292,-351
-498,-4,461,1
57,-357,127,351
482,131,-507,-127
-231,308,49,-304
-401,-247,488,239
375,-225,-226,219
259,330,-408,-322
-470,109,374,-108
-93,-362,273,355
505,23,-471,-18
-82,352,-103,-345
-475,-152,511,147
254,-296,-75,291
381,257,-479,-251
-392,206,246,-204
-244,-336,387,325
480,-88,-387,89
76,368,-253,-355
-505,-43,481,37
109,-348,81,340
467,166,-517,-165
-278,291,106,-284
-370,-272,476,271
405,-193,-272,194
223,339,-379,-334
-483,72,402,-75
-48,-365,234,357
502,60,-486,-60
-131,338,-53,-335
-457,-178,512,177
294,-275,-128,276
349,282,-467,-275
-421,178,292,-178
-197,-352,357,342
492,-50,-422,56
25,365,-208,-359
-499,-77,495,75
152,-336,32,329
446,193,-503,-191
-311,269,148,-266
-333,-293,454,286
433,-163,-307,163
178,355,-344,-348
-501,34,433,-34
-4,-366,187,359
499,96,-496,-89
-174,331,-9,-326
-430,-214,497,210
330,-253,-173,250
312,302,-444,-297
-446,145,330,-148
-154,-354,327,345
501,-16,-442,20
-26,364,-163,-356
-489,-116,501,113
196,-322,-18,319
424,223,-493,-220
-350,242,193,-242
-293,-310,427,306
456,-132,-347,128
131,361,-301,-353
-502,2,455,-5
44,-360,132,359
484,130,-505,-123
-222,314,45,-315
-405,-242,499,235
369,-228,-220,221
271,320,-418,-307
-467,114,364,-113
-103,-362,283,353
503,15,-464,-11
-71,359,-121,-352
-481,-142,510,137
242,-308,-66,303
394,249,-483,-241
-388,217,246,-214
-255,-326,401,320
477,-96,-388,92
86,359,-264,-356
-503,-35,476,33
101,-353,91,347
467,164,-509,-154
-269,300,88,-292
-374,-264,482,259
404,-200,-258,196
227,328,-382,-330
-489,78,395,-78
-55,-361,240,357
504,53,-486,-47
-124,349,-69,-342
-459,-177,513,172
290,-286,-117,280
357,282,-470,-269
-415,184,285,-182
-205,-345,367,334
485,-66,-414,61
37,366,-216,-361
-500,-71,490,71
143,-337,39,331
449,195,-509,-188
-315,268,142,-265
-336,-283,460,279
430,-173,-303,171
187,349,-347,-339
-496,43,430,-43
-10,-365,191,362
500,89,-499,-87
-168,334,-14,-335
-438,-212,503,200
327,-263,-161,259
324,305,-447,-296
-442,156,321,-149
-168,-353,333,349
497,-29,-441,27
-10,361,-173,-358
-496,-99,501,97
193,-325,-7,327
423,216,-503,-216
-346,247,188,-247
-299,-311,437,309
453,-134,-347,134
138,360,-307,-358
-504,8,453,-10
43,-361,147,357
490,121,-500,-117
-210,314,28,-310
-415,-232,491,227
362,-234,-209,231
281,321,-414,-314
-463,122,362,-119
-116,-370,285,358
501,11,-466,-6
-63,362,-122,-358
-482,-136,506,133
240,-308,-58,305
396,247,-489,-242
-379,218,235,-212
-258,-329,404,317
472,-107,-375,107
87,370,-267,-359
-506,-25,471,20
88,-356,103,352
477,155,-512,-151
-253,297,83,-295
-384,-265,477,256
395,-201,-256,201
235,340,-389,-333
-484,82,397,-81
-63,-367,248,361
508,45,-483,-41
-111,347,-74,-340
-467,-171,510,164
280,-289,-104,281
363,280,-471,-273
-414,193,279,-186
-212,-349,368,337
488,-68,-414,66
38,364,-225,-354
-502,-60,493,62
136,-339,47,336
457,183,-508,-181
-296,273,138,-272
-347,-286,458,278
427,-167,-304,169
189,347,-352,-339
-500,49,427,-51
-18,-368,202,361
505,82,-497,-80
-159,336,-26,-333
-443,-202,504,198
322,-264,-156,263
325,293,-444,-292
-438,160,318,-155
-166,-351,334,350
500,-31,-438,31
-11,364,-177,-359
-495,-97,499,91
183,-331,-2,326
425,216,-505,-209
-339,251,182,-247
-306,-310,436,299
454,-140,-338,138
145,359,-312,-345
-506,13,451,-14
37,-360,156,349
492,118,-504,-114
-207,323,28,-313
-415,-235,491,232
355,-239,-204,231
284,317,-424,-312
-459,125,350,-121
-123,-362,299,353
504,7,-459,-3
-57,359,-129,-353
-481,-138,509,132
233,-307,-52,304
398,242,-492,-241
-377,223,228,-218
-264,-325,407,317
473,-104,-372,106
95,365,-273,-356
-510,-26,471,19
84,-357,106,351
474,151,-509,-147
-252,304,79,-297
-381,-257,477,253
391,-207,-252,204
241,335,-388,-326
-478,83,389,-87
-70,-368,257,363
501,43,-481,-38
-107,352,-85,-349
-463,-167,511,164
273,-287,-102,284
366,270,-472,-267
-406,190,266,-186
-224,-339,378,331
487,-75,-398,72
46,368,-234,-360
-501,-55,485,51
134,-344,57,341
457,178,-510,-173
-293,278,126,-272
-356,-282,465,274
417,-176,-288,174
203,352,-364,-338
-492,53,416,-60
-24,-370,215,362
498,75,-495,-70
-153,341,-34,-334
-443,-199,506,192
313,-265,-151,261
338,289,-448,-283
-437,164,310,-160
-180,-345,342,341
502,-42,-435,42
-1,359,-185,-358
-499,-92,501,82
178,-326,3,328
429,209,-502,-202
-330,254,174,-252
-314,-299,442,297
441,-147,-332,144
158,358,-319,-350
-498,19,443,-18
27,-369,160,354
491,110,-501,-106
-208,325,17,-319
-417,-225,497,224
351,-242,-198,243
293,310,-430,-308
-456,132,351,-133
-131,-360,305,351
507,0,-454,3
-48,362,-140,-355
-485,-130,504,126
221,-310,-42,307
406,234,-491,-228
-368,230,217,-230
-273,-321,413,313
465,-116,-365,117
103,367,-277,-355
-504,-21,468,16
74,-356,112,350
479,146,-510,-141
-246,303,65,-304
-386,-252,484,248
389,-212,-243,211
251,327,-401,-319
-477,98,385,-92
-86,-364,265,357
503,33,-471,-38
-98,349,-89,-348
-468,-160,507,160
269,-292,-89,291
380,266,-479,-259
-400,202,262,-201
-236,-341,382,329
484,-82,-405,78
57,372,-239,-361
-509,-53,482,51
125,-351,64,348
460,181,-503,-174
-290,281,116,-279
-354,-275,468,272
415,-182,-279,179
210,336,-368,-330
-485,65,411,-62
-31,-367,221,353
499,71,-491,-72
-151,338,-41,-331
-449,-192,509,188
308,-269,-141,268
337,289,-456,-279
-426,168,300,-170
-185,-349,349,342
492,-43,-429,44
11,365,-196,-360
-499,-88,492,86
172,-336,15,331
437,210,-501,-204
-327,257,167,-258
-319,-299,449,294
440,-157,-320,152
167,357,-328,-349
-500,26,435,-29
13,-361,170,358
491,106,-506,-99
-192,323,13,-322
-423,-219,503,216
342,-251,-186,242
302,312,-436,-306
-456,135,342,-133
-137,-360,305,353
506,-5,-458,8
-41,361,-142,-355
-492,-123,508,121
219,-312,-30,310
416,237,-489,-229
-367,227,211,-228
-277,-319,412,309
460,-117,-361,119
110,359,-293,-353
-503,-13,462,9
68,-358,127,351
481,139,-513,-136
-239,311,62,-310
-398,-253,491,243
378,-215,-225,219
261,329,-405,-316
-472,100,375,-100
-89,-359,269,353
506,25,-478,-23
-89,353,-101,-346
-475,-158,508,149
258,-293,-84,289
384,260,-480,-256
-394,199,253,-201
-243,-336,389,330
483,-81,-389,85
65,368,-249,-359
-503,-46,484,44
114,-342,70,338
461,167,-507,-159
-281,281,109,-281
-364,-274,475,266
412,-187,-275,183
216,342,-375,-336
-490,68,409,-68
-43,-365,219,359
506,61,-486,-56
-138,343,-52,-338
-452,-182,506,182
301,-274,-133,270
343,282,-459,-279
-423,173,302,-177
-191,-347,354,345
491,-53,-419,56
13,367,-207,-366
-499,-75,494,78
161,-338,28,335
443,201,-503,-199
-317,259,153,-258
-325,-295,443,289
438,-153,-315,154
168,347,-334,-340
-498,33,441,-35
10,-365,179,357
491,98,-498,-95
-189,329,-2,-325
-429,-216,496,209
339,-246,-179,249
310,303,-434,-295
-446,144,338,-143
-146,-356,310,350
503,-13,-449,12
-35,362,-155,-357
-493,-121,503,113
210,-318,-19,314
410,226,-493,-218
-357,238,197,-233
-284,-315,425,306
461,-123,-355,124
123,360,-296,-354
-506,-3,461,-2
55,-354,133,351
486,130,-514,-128
-225,306,46,-304
-403,-239,492,237
377,-222,-226,221
264,319,-404,-312
-476,106,373,-109
-95,-364,277,358
502,24,-473,-20
-80,357,-109,-350
-474,-144,511,144
249,-305,-73,297
388,256,-480,-253
-391,209,244,-208
-246,-332,393,325
481,-84,-389,90
74,360,-256,-354
-506,-40,477,40
105,-352,86,347
464,162,-508,-163
-269,290,102,-288
-368,-265,473,262
405,-194,-274,194
225,338,-377,-330
-482,72,402,-78
-48,-363,237,360
496,60,-487,-57
-133,345,-58,-342
-455,-186,504,183
294,-279,-128,277
352,284,-458,-276
-418,177,286,-177
-202,-349,365,342
489,-56,-414,52
29,368,-212,-361
-502,-73,494,74
149,-338,27,335
451,193,-504,-192
-313,269,148,-265
-332,-293,449,287
434,-158,-306,157
176,351,-346,-344
-497,35,433,-40
-3,-363,190,358
504,91,-499,-86
-176,332,-7,-328
-439,-210,501,207
335,-254,-173,255
309,296,-440,-294
-448,146,333,-150
-153,-352,322,349
502,-16,-446,21
-26,362,-168,-358
-491,-112,503,106
206,-323,-16,320
421,226,-495,-218
-356,242,202,-245
-294,-311,427,306
459,-127,-355,131
132,355,-301,-354
-503,-3,455,2
44,-362,134,353
488,135,-502,-127
-225,316,46,-305
-410,-247,488,235
372,-225,-218,220
275,322,-414,-316
-463,114,366,-111
-106,-360,285,354
504,16,-469,-16
-78,352,-111,-346
-476,-146,508,142
247,-299,-65,295
388,251,-487,-243
-383,211,237,-210
-255,-331,399,324
476,-96,-385,95
84,362,-260,-362
-506,-28,477,31
97,-349,91,345
469,156,-507,-154
-269,292,92,-287
-373,-267,473,261
406,-195,-262,195
231,338,-385,-333
-483,75,402,-75
-55,-364,242,358
504,52,-486,-52
-126,343,-65,-337
-460,-177,509,173
289,-279,-117,276
351,280,-465,-273
-419,187,281,-181
-205,-342,364,337
492,-67,-411,63
36,361,-219,-359
-499,-69,491,66
148,-336,42,338
448,194,-506,-186
-308,270,138,-269
-344,-289,460,281
428,-167,-305,163
187,345,-351,-340
-496,41,426,-43
-5,-361,198,359
496,87,-495,-79
-170,331,-21,-326
-442,-201,501,197
330,-253,-163,251
325,291,-440,-290
-445,149,328,-149
-162,-348,330,345
502,-29,-442,28
-18,362,-175,-359
-495,-104,496,100
197,-325,-6,324
424,222,-494,-215
-346,242,193,-241
-301,-307,426,300
453,-131,-347,132
139,356,-308,-348
-506,2,454,-7
43,-355,149,350
478,124,-506,-117
-218,314,34,-311
-404,-234,493,227
367,-235,-210,234
283,321,-419,-313
-461,119,357,-120
-112,-363,292,354
502,14,-462,-11
-69,357,-127,-349
-483,-141,510,137
238,-308,-58,301
399,251,-487,-246
-382,215,238,-212
-261,-329,402,318
474,-102,-382,107
91,365,-267,-357
-501,-25,471,23
89,-355,98,352
469,158,-505,-156
-258,297,84,-296
-381,-263,480,255
394,-200,-251,202
242,327,-391,-326
-482,83,391,-83
-66,-360,248,356
504,43,-481,-40
-113,347,-76,-340
-462,-168,510,166
281,-283,-107,281
360,269,-472,-270
-411,189,277,-185
-219,-343,368,333
487,-62,-407,67
47,362,-226,-360
-506,-66,490,61
139,-338,52,337
456,182,-507,-178
-303,277,134,-270
-342,-281,459,272
427,-177,-295,175
191,346,-355,-338
-495,49,424,-52
-17,-366,202,358
496,84,-499,-78
-165,335,-24,-331
-438,-200,503,193
321,-266,-159,263
326,297,-447,-293
-439,162,320,-156
-168,-353,336,348
499,-31,-439,30
-8,363,-178,-354
-494,-101,499,98
186,-330,-2,320
426,216,-497,-216
-341,254,182,-250
-308,-310,441,302
449,-143,-336,146
152,359,-319,-353
-501,14,447,-14
34,-359,152,357
485,118,-505,-115
-208,318,29,-313
-414,-234,497,227
355,-237,-207,233
291,316,-424,-311
-459,123,360,-123
-122,-364,295,353
501,8,-459,-8
-58,358,-131,-349
-482,-130,504,134
229,-310,-49,306
401,243,-489,-243
-378,227,222,-225
-265,-327,409,319
474,-107,-367,109
95,363,-277,-353
-500,-25,471,25
81,-353,106,348
473,149,-510,-149
-251,302,75,-299
-384,-260,481,253
390,-208,-247,205
243,337,-393,-326
-477,87,390,-87
-72,-366,256,354
500,40,-483,-38
-111,351,-83,-340
-464,-165,512,163
278,-288,-101,283
372,268,-476,-262
-408,191,270,-194
-226,-340,375,334
487,-73,-403,75
48,368,-229,-362
-505,-58,488,56
131,-344,56,337
456,180,-508,-175
-298,279,128,-278
-349,-285,462,279
425,-179,-292,180
198,350,-360,-344
-485,54,416,-56
-25,-363,215,358
496,73,-496,-69
-154,336,-39,-333
-447,-193,510,191
316,-269,-148,267
328,293,-450,-289
-432,164,310,-168
-174,-356,342,349
491,-39,-430,41
1,367,-189,-358
-494,-92,499,96
181,-328,5,317
434,214,-505,-211
-334,249,171,-245
-311,-301,442,294
441,-147,-331,149
151,355,-320,-349
-499,20,452,-22
25,-361,161,358
490,110,-508,-108
-199,321,15,-321
-422,-222,504,217
350,-244,-196,240
294,311,-432,-299
-453,132,348,-126
-130,-362,296,354
503,1,-450,1
-48,362,-136,-360
-488,-133,505,123
222,-313,-38,305
408,241,-495,-233
-367,228,218,-221
-277,-317,409,314
463,-113,-366,112
108,359,-275,-354
-501,-18,459,17
72,-355,115,351
481,142,-505,-142
-246,302,66,-299
-394,-250,484,244
385,-213,-235,212
255,330,-398,-321
-477,97,380,-97
-81,-360,263,357
505,31,-479,-31
-100,348,-88,-347
-468,-162,512,153
265,-289,-92,292
375,267,-477,-258
-399,197,261,-197
-230,-330,381,327
478,-87,-400,84
57,362,-239,-358
-500,-50,490,48
121,-347,65,342
458,181,-509,-173
-288,280,113,-278
-358,-277,469,268
419,-185,-282,182
210,345,-367,-335
-487,66,415,-61
-35,-372,217,361
499,70,-493,-67
-145,344,-44,-334
-451,-195,510,192
307,-267,-138,265
339,293,-455,-289
-429,162,303,-167
-186,-355,349,345
499,-41,-428,45
7,367,-196,-361
-497,-84,497,81
168,-337,14,332
437,204,-508,-196
-327,264,167,-262
-320,-301,448,296
442,-151,-323,154
164,352,-328,-350
-499,25,446,-25
14,-356,168,351
496,102,-506,-99
-193,325,7,-318
-426,-223,501,218
348,-249,-185,244
299,312,-434,-311
-457,132,341,-133
-140,-356,310,352
501,-2,-447,4
-42,361,-151,-352
-484,-125,498,124
222,-323,-30,316
412,241,-488,-232
-369,233,210,-234
-280,-318,416,312
466,-116,-360,116
110,355,-286,-352
-507,-9,462,9
71,-359,121,349
482,142,-509,-134
-242,311,61,-308
-394,-253,487,248
382,-217,-232,218
258,326,-404,-323
-472,99,377,-92
-87,-359,267,352
504,29,-473,-34
-88,354,-99,-347
-472,-157,506,152
257,-303,-81,295
375,264,-476,-257
-399,209,254,-203
-234,-335,385,332
479,-88,-391,87
65,365,-251,-361
-504,-41,485,41
116,-344,81,345
465,165,-514,-163
-280,287,108,-286
-360,-279,470,267
409,-193,-278,187
213,349,-373,-335
-488,66,410,-67
-38,-368,229,363
501,64,-492,-61
-145,345,-51,-339
-448,-183,510,179
303,-275,-135,272
345,285,-459,-280
-424,170,298,-170
-194,-346,354,339
495,-50,-423,48
16,365,-207,-355
-500,-83,499,82
159,-336,28,331
441,205,-507,-197
-317,266,154,-262
-328,-296,450,290
436,-161,-317,157
170,352,-338,-350
-496,29,436,-30
8,-359,179,355
493,99,-501,-97
-185,326,4,-321
-429,-213,504,208
341,-252,-180,246
309,301,-436,-297
-453,143,333,-137
-143,-353,316,352
503,-14,-449,16
-33,362,-158,-359
-493,-116,510,110
203,-321,-23,312
417,233,-501,-226
-354,231,197,-226
-284,-312,425,307
459,-123,-352,122
123,357,-295,-352
-504,0,461,3
57,-358,130,354
485,128,-501,-130
-237,311,52,-310
-400,-240,485,234
375,-226,-230,226
263,323,-409,-313
-465,108,373,-109
-97,-363,276,358
505,20,-467,-17
-83,357,-109,-355
-474,-149,514,145
251,-299,-72,295
382,260,-488,-252
-390,204,247,-198
-245,-334,390,324
481,-85,-390,87
73,365,-250,-363
-507,-43,480,41
106,-350,78,348
466,161,-505,-162
-272,291,98,-287
-367,-268,473,264
406,-191,-267,193
224,338,-376,-334
-486,70,407,-71
-50,-366,226,356
501,60,-488,-52
-133,346,-59,-340
-456,-181,514,175
297,-279,-125,281
349,283,-463,-282
-423,180,292,-180
-197,-348,356,344
493,-56,-422,56
28,363,-211,-359
-505,-78,501,76
155,-334,29,334
445,199,-512,-194
-314,268,150,-267
-331,-294,453,288
429,-165,-305,161
177,350,-342,-343
-496,41,431,-39
4,-363,185,358
497,92,-500,-87
-181,331,-2,-328
-432,-216,500,209
334,-254,-170,250
313,306,-441,-299
-443,145,332,-143
-155,-357,319,347
501,-16,-447,19
-29,364,-164,-355
-491,-117,506,113
201,-318,-15,318
419,225,-498,-224
-350,243,195,-240
-295,-312,423,304
457,-128,-345,130
129,357,-302,-352
-500,-6,453,0
54,-356,137,357
488,127,-506,-123
-230,318,48,-316
-407,-242,493,235
369,-228,-217,228
272,327,-412,-322
-463,106,361,-109
-106,-362,279,362
503,19,-469,-16
-77,353,-115,-351
-475,-142,512,136
249,-303,-69,299
387,256,-485,-248
-386,212,245,-208
-252,-329,396,323
477,-101,-383,98
82,363,-257,-355
-502,-30,475,28
100,-352,89,348
466,159,-511,-155
-269,296,91,-295
-374,-262,474,256
400,-203,-266,204
230,335,-380,-328
-482,77,403,-82
-55,-365,240,359
507,52,-485,-52
-125,348,-65,-338
-454,-174,508,174
288,-287,-116,279
351,276,-465,-273
-421,184,288,-186
-208,-340,364,337
494,-58,-422,63
32,360,-219,-356
-502,-70,493,65
148,-335,41,337
451,188,-507,-184
-310,267,139,-270
-341,-285,460,281
429,-168,-300,165
181,350,-348,-344
-493,42,429,-42
-3,-364,195,358
495,88,-502,-81
-170,334,-15,-330
-435,-205,502,195
324,-259,-165,255
319,296,-445,-289
-441,150,323,-147
-163,-350,332,347
504,-25,-440,29
-16,360,-172,-356
-496,-102,501,99
193,-324,-8,323
422,219,-500,-217
-344,246,186,-249
-302,-311,432,304
453,-137,-339,139
138,358,-311,-353
-502,13,450,-12
42,-357,151,355
490,119,-504,-117
-216,313,32,-306
-413,-232,494,226
365,-231,-210,225
283,315,-419,-311
-463,114,359,-115
-118,-356,288,356
506,10,-464,-11
-70,356,-120,-352
-481,-138,506,136
241,-307,-59,301
397,250,-488,-240
-379,217,236,-219
-265,-329,405,321
472,-100,-383,104
93,366,-270,-360
-505,-27,477,26
97,-353,103,348
470,155,-508,-149
-261,289,80,-289
-376,-260,477,254
392,-199,-252,202
238,332,-391,-333
-485,85,393,-90
-67,-366,249,363
507,48,-482,-40
-112,346,-77,-342
-459,-170,505,167
282,-284,-108,281
361,275,-465,-270
-410,186,278,-183
-220,-338,371,331
486,-66,-405,67
41,359,-231,-354
-506,-66,487,62
139,-340,55,335
454,191,-511,-184
-298,273,136,-271
-343,-286,459,278
425,-168,-302,169
196,345,-351,-335
-495,47,423,-50
-15,-362,205,356
500,81,-499,-75
-170,337,-26,-334
-439,-204,508,195
318,-265,-154,266
324,298,-447,-294
-434,158,318,-154
-170,-354,335,345
505,-29,-442,28
-8,357,-178,-351
-500,-98,503,94
184,-327,-2,324
429,218,-505,-214
-343,251,183,-241
-304,-307,440,298
451,-135,-338,138
147,353,-319,-347
-497,13,453,-21
30,-359,157,355
486,116,-510,-117
-210,314,26,-311
-413,-235,498,229
359,-234,-200,235
285,322,-427,-310
-461,123,354,-124
-119,-362,301,358
504,11,-467,-7
-64,355,-130,-352
-482,-137,507,131
236,-306,-54,299
403,241,-488,-233
-378,220,228,-220
-267,-320,414,314
471,-108,-374,106
97,360,-275,-357
-504,-23,466,23
81,-352,102,348
475,149,-508,-143
-255,302,82,-298
-386,-256,484,252
393,-209,-249,208
243,329,-391,-329
-477,89,387,-90
-70,-363,250,356
507,41,-480,-37
-109,349,-82,-343
-466,-166,514,159
271,-291,-101,290
362,268,-474,-262
-403,202,273,-199
-221,-339,374,338
487,-77,-411,73
49,363,-227,-354
-501,-55,495,52
131,-345,53,332
454,182,-512,-177
-291,280,121,-279
-351,-284,464,282
419,-177,-287,179
203,340,-363,-335
-493,56,417,-59
-28,-364,214,356
497,78,-495,-75
-155,335,-30,-333
-443,-195,508,192
314,-267,-151,266
337,294,-451,-285
-437,164,308,-163
-179,-354,339,344
500,-37,-433,36
-3,365,-189,-357
-495,-94,499,95
178,-332,16,326
433,214,-503,-211
-333,255,166,-249
-313,-303,440,293
444,-151,-325,143
155,356,-321,-347
-501,21,440,-21
26,-364,158,359
491,110,-503,-104
-204,326,23,-318
-416,-220,498,216
351,-243,-195,238
294,304,-422,-301
-454,133,347,-134
-130,-358,301,352
504,-2,-455,5
-53,358,-145,-355
-488,-128,507,125
224,-311,-41,310
407,239,-495,-236
-373,227,219,-223
-273,-322,416,317
471,-111,-362,111
111,364,-285,-355
-508,-19,463,18
72,-353,119,345
480,142,-507,-141
-247,304,63,-302
-389,-256,487,246
387,-216,-242,214
247,330,-399,-322
-474,97,383,-94
-82,-361,263,358
503,36,-475,-31
-94,350,-92,-350
-471,-163,512,156
266,-289,-91,290
376,266,-474,-263
-400,193,258,-196
-237,-340,381,332
485,-74,-397,78
62,364,-242,-356
-502,-54,483,51
122,-344,66,340
458,177,-508,-173
-289,281,118,-279
-348,-274,471,269
414,-185,-285,188
201,340,-364,-336
-491,60,414,-66
-32,-368,213,360
504,74,-491,-71
-149,343,-40,-337
-446,-197,510,193
307,-269,-144,268
340,288,-457,-286
-424,166,306,-163
-186,-347,348,342
490,-45,-433,43
4,368,-192,-358
-501,-86,501,84
173,-333,17,329
440,207,-506,-201
-329,256,167,-256
-317,-300,445,293
447,-154,-328,152
161,357,-327,-350
-502,24,440,-27
16,-363,170,357
494,109,-502,-100
-196,323,11,-318
-426,-225,501,214
353,-244,-190,241
297,307,-431,-302
-457,137,343,-137
-138,-357,309,350
506,-10,-452,10
-39,362,-149,-350
-489,-123,506,119
215,-313,-32,312
407,237,-498,-232
-362,231,210,-230
-280,-320,420,315
468,-118,-361,115
110,360,-290,-354
-506,-14,467,11
68,-356,124,349
484,142,-511,-137
-239,309,60,-302
-399,-253,490,248
382,-217,-234,214
261,328,-407,-319
-473,100,375,-101
-87,-358,272,353
500,23,-471,-26
-94,351,-104,-347
-469,-156,511,155
260,-295,-79,291
382,266,-478,-259
-400,201,254,-202
-239,-338,385,330
481,-82,-399,87
69,361,-247,-359
-502,-39,482,40
113,-342,71,341
459,161,-504,-159
-281,289,111,-284
-358,-277,472,267
412,-191,-274,187
210,347,-377,-338
-490,64,414,-66
-36,-361,226,358
502,62,-495,-59
-133,335,-51,-333
-456,-183,507,180
299,-272,-130,267
345,285,-459,-279
-432,170,297,-173
-188,-346,352,339
494,-49,-423,54
20,361,-204,-355
-502,-80,496,80
162,-335,20,328
444,203,-502,-198
-321,262,167,-261
-328,-299,445,288
438,-153,-314,156
168,353,-336,-348
-498,30,431,-31
9,-360,181,359
493,97,-501,-96
-184,329,-4,-323
-430,-221,498,214
340,-254,-176,250
309,310,-434,-303
-448,143,335,-141
-146,-355,324,346
502,-17,-450,16
-33,364,-159,-355
-492,-115,502,109
210,-321,-27,318
413,228,-498,-220
-359,239,198,-237
-285,-314,428,307
458,-125,-351,123
124,362,-294,-355
-504,-7,463,6
57,-360,128,352
488,133,-506,-129
-231,312,50,-306
-403,-242,490,240
376,-224,-226,215
267,326,-409,-317
-470,107,372,-106
-99,-367,275,359
504,23,-471,-19
-79,356,-109,-355
-480,-146,511,145
251,-302,-75,300
387,250,-484,-244
-392,206,247,-206
-240,-328,390,322
479,-84,-385,85
73,365,-256,-364
-508,-45,481,44
103,-349,88,347
466,168,-510,-162
-272,294,95,-289
-370,-272,476,265
408,-196,-268,192
229,336,-381,-330
-483,71,406,-72
-51,-358,232,351
498,56,-481,-52
-129,345,-58,-337
-455,-184,502,179
294,-279,-129,274
350,283,-463,-278
-423,177,291,-180
-201,-344,361,342
494,-52,-415,57
22,361,-207,-358
-498,-81,495,73
154,-334,29,331
444,200,-512,-190
-311,267,153,-268
-334,-293,457,286
439,-162,-309,164
178,349,-337,-340
-502,35,434,-40
0,-364,182,356
494,91,-507,-87
-181,333,-8,-331
-426,-207,501,202
331,-252,-172,253
311,300,-437,-295
-444,143,334,-143
-156,-353,322,352
505,-18,-447,19
-24,357,-158,-355
-494,-112,504,110
199,-317,-18,310
421,225,-498,-218
-350,241,194,-238
-297,-312,430,304
457,-130,-351,130
135,357,-306,-353
-503,-2,457,-2
49,-356,142,352
487,134,-508,-128
-224,314,47,-306
-405,-242,494,238
369,-229,-227,224
270,320,-413,-309
-472,109,369,-116
-108,-361,278,354
507,21,-465,-16
-66,356,-114,-352
-480,-140,510,141
244,-308,-63,302
389,248,-487,-247
-382,213,239,-215
-251,-326,397,326
472,-94,-381,97
81,359,-261,-358
-507,-30,475,30
101,-351,90,351
471,158,-509,-156
-264,297,87,-300
-376,-268,479,265
399,-202,-258,202
229,341,-383,-334
-479,78,402,-79
-56,-372,240,363
499,57,-489,-53
-119,351,-70,-347
-462,-176,510,171
288,-283,-115,281
355,268,-465,-264
-416,185,285,-181
-206,-340,365,334
488,-62,-419,64
33,365,-218,-365
-502,-71,495,70
149,-336,39,336
449,193,-508,-190
-308,270,144,-267
-338,-287,459,280
426,-172,-300,169
185,349,-349,-342
-495,43,415,-40
-10,-369,194,359
497,91,-491,-88
-167,334,-14,-329
-433,-208,506,203
325,-258,-160,261
318,302,-449,-297
-440,148,317,-152
-167,-354,331,347
501,-26,-441,29
-14,362,-168,-358
-497,-102,498,99
195,-325,-12,326
426,222,-496,-219
-345,247,192,-246
-304,-307,435,304
452,-139,-351,138
140,357,-307,-351
-501,10,454,-13
36,-360,146,355
486,124,-502,-116
-211,314,31,-316
-411,-239,497,231
365,-233,-209,234
282,319,-421,-313
-463,120,356,-117
-117,-357,294,351
503,10,-462,-13
-66,354,-125,-344
-482,-137,509,135
239,-308,-63,302
397,249,-485,-239
-372,221,235,-219
-265,-330,409,318
471,-104,-377,99
90,366,-274,-360
-506,-31,473,27
88,-352,92,353
474,157,-507,-148
-260,295,89,-292
-380,-259,478,252
398,-205,-253,199
239,333,-386,-329
-481,86,391,-87
-71,-366,249,365
508,48,-481,-42
-112,352,-76,-349
-463,-171,507,166
278,-291,-107,285
360,272,-472,-268
-412,189,273,-185
-209,-338,375,331
489,-69,-408,67
41,362,-226,-355
-505,-59,489,60
138,-342,51,336
454,184,-509,-179
-307,280,135,-278
-343,-285,460,276
427,-182,-300,182
195,353,-352,-343
-495,49,424,-48
-15,-365,198,357
499,80,-494,-83
-162,335,-22,-324
-442,-201,505,192
323,-268,-154,259
326,300,-452,-289
-442,151,318,-153
-170,-346,335,347
498,-27,-440,27
-8,363,-176,-354
-497,-95,502,92
186,-335,-2,327
432,215,-496,-208
-337,249,181,-250
-309,-303,431,298
452,-139,-341,137
141,348,-317,-344
-503,14,450,-19
38,-358,156,354
488,115,-505,-109
-213,321,27,-315
-416,-229,496,227
364,-236,-206,235
287,314,-418,-308
-462,129,357,-129
-122,-360,295,351
507,1,-458,0
-58,356,-136,-352
-489,-137,504,130
235,-307,-51,305
402,241,-486,-238
-376,224,224,-221
-262,-322,411,319
467,-106,-371,104
96,366,-273,-358
-505,-23,470,24
83,-355,104,353
474,149,-510,-147
-255,299,72,-298
-381,-263,486,253
392,-206,-250,202
247,337,-392,-327
-480,89,389,-89
-79,-367,256,362
503,44,-480,-41
-108,349,-85,-343
-463,-170,510,165
277,-289,-101,286
366,272,-468,-262
-404,195,267,-196
-222,-340,376,329
485,-71,-403,75
48,364,-234,-354
-505,-61,490,58
133,-338,58,335
453,181,-504,-179
-295,277,120,-276
-350,-283,462,273
423,-178,-292,178
206,342,-363,-333
-498,56,420,-53
-28,-361,213,356
503,72,-490,-75
-156,342,-34,-333
-443,-195,507,194
312,-268,-150,262
332,292,-454,-288
-432,157,313,-162
-179,-347,342,342
498,-32,-435,40
-2,363,-190,-353
-499,-100,498,88
180,-333,9,327
433,216,-500,-206
-334,254,173,-254
-309,-301,442,295
446,-149,-326,147
154,360,-325,-350
-501,16,442,-20
23,-365,167,360
495,117,-505,-112
-204,321,17,-315
-420,-227,500,222
355,-243,-196,241
291,316,-426,-307
-461,128,348,-135
-130,-361,302,354
505,-2,-455,4
-51,360,-143,-354
-485,-127,505,124
226,-312,-42,312
408,241,-492,-235
-370,222,219,-225
-280,-319,415,310
466,-113,-365,112
108,364,-284,-356
-502,-11,472,13
74,-362,114,357
483,145,-515,-141
-241,304,66,-301
-398,-251,487,251
384,-214,-235,211
254,328,-399,-326
-475,96,377,-98
-81,-364,265,358
504,32,-473,-27
-97,351,-93,-348
-472,-158,507,154
266,-295,-91,290
380,266,-481,-259
-398,200,266,-195
-237,-334,384,326
482,-77,-401,76
58,356,-239,-352
-503,-50,482,48
123,-340,72,339
459,167,-510,-168
-284,284,119,-282
-360,-274,464,269
415,-186,-286,186
210,344,-362,-338
-492,63,412,-65
-34,-363,218,363
503,72,-492,-66
-146,337,-40,-336
-445,-195,508,188
307,-274,-145,269
337,286,-457,-280
-429,172,312,-167
-186,-346,344,337
491,-42,-428,48
8,367,-195,-362
-496,-88,496,82
172,-334,16,333
438,205,-509,-201
-329,262,168,-260
-319,-302,450,294
439,-155,-322,151
160,352,-328,-346
-497,27,434,-22
17,-356,168,353
493,107,-498,-102
-195,323,10,-322
-422,-226,498,219
346,-244,-187,243
301,306,-434,-303
-453,135,343,-136
-135,-357,308,355
501,-6,-454,6
-46,361,-146,-359
-489,-124,505,122
220,-309,-31,309
413,233,-494,-226
-369,230,211,-227
-281,-317,418,311
463,-121,-361,115
114,361,-288,-355
-500,-11,465,10
69,-351,121,350
479,135,-507,-133
-241,307,61,-306
-393,-248,487,242
385,-224,-238,220
256,328,-403,-323
-474,99,377,-101
-95,-358,266,357
502,28,-471,-25
-89,351,-99,-345
-470,-149,512,149
265,-295,-88,290
382,262,-476,-253
-399,198,259,-202
-243,-338,386,326
483,-78,-393,84
64,363,-247,-356
-501,-50,478,47
115,-346,71,342
461,175,-505,-171
-280,288,109,-283
-362,-279,471,270
414,-188,-270,186
219,339,-374,-332
-490,68,404,-72
-47,-363,225,360
503,62,-491,-61
-138,347,-47,-339
-455,-189,508,185
302,-277,-133,270
345,285,-456,-279
-421,172,301,-171
-193,-347,353,342
495,-51,-429,51
18,367,-209,-356
-501,-81,499,77
161,-336,29,325
434,205,-507,-198
-317,262,158,-256
-324,-297,449,289
437,-159,-315,156
173,353,-334,-346
-502,29,435,-31
11,-363,181,355
496,100,-501,-94
-186,332,-1,-324
-432,-215,497,212
339,-253,-179,248
307,306,-437,-302
-452,141,337,-138
-145,-360,320,353
501,-12,-453,16
-30,364,-156,-362
-490,-117,504,108
212,-321,-24,321
417,229,-489,-221
-360,238,201,-236
-288,-312,424,306
458,-121,-353,125
122,358,-300,-356
-506,-7,456,7
61,-357,128,354
486,131,-506,-131
-232,309,51,-308
-399,-243,491,238
371,-222,-222,223
267,326,-410,-321
-471,105,369,-104
-95,-362,276,358
504,23,-470,-18
-79,355,-103,-350
-476,-150,507,144
252,-301,-74,296
385,261,-486,-253
-394,204,245,-202
-248,-333,394,324
476,-91,-386,90
78,364,-252,-360
-502,-32,477,34
111,-348,91,345
466,160,-510,-159
-276,286,90,-285
-369,-268,475,265
408,-190,-271,193
221,339,-374,-335
-483,67,405,-71
-54,-363,231,358
505,62,-485,-56
-128,343,-62,-335
-459,-180,512,177
292,-279,-126,275
352,280,-464,-280
-419,179,290,-181
-202,-345,359,341
493,-57,-417,53
24,360,-208,-350
-498,-75,496,74
151,-335,32,327
448,202,-504,-192
-312,271,143,-265
-336,-302,450,291
434,-163,-307,161
175,349,-344,-341
-498,39,432,-41
4,-361,188,350
498,90,-496,-87
-178,333,-5,-323
-435,-213,501,208
335,-253,-173,253
308,308,-446,-301
-449,145,334,-148
-150,-359,321,351
501,-24,-447,25
-19,364,-161,-355
-487,-110,505,107
199,-321,-18,316
415,227,-500,-223
-357,238,197,-241
-294,-312,427,308
461,-131,-345,136
134,362,-305,-357
-505,4,453,-6
46,-360,138,354
487,128,-503,-123
-223,307,42,-305
-405,-238,495,229
368,-225,-221,226
274,318,-416,-314
-464,118,374,-117
-110,-361,282,358
505,13,-469,-9
-72,356,-119,-352
-477,-142,505,138
244,-306,-67,304
390,249,-480,-247
-384,217,239,-214
-255,-327,396,320
472,-98,-384,97
87,365,-261,-360
-505,-35,480,27
94,-354,93,349
472,158,-509,-152
-263,295,89,-292
-375,-264,477,260
400,-199,-259,198
233,341,-386,-331
-490,80,398,-80
-57,-361,245,357
507,47,-488,-43
-125,341,-70,-342
-458,-174,506,168
290,-285,-112,282
358,281,-465,-274
-418,183,285,-184
-206,-347,369,339
489,-59,-415,61
31,365,-216,-360
-501,-67,484,66
149,-338,36,335
449,192,-504,-188
-307,272,140,-271
-342,-294,460,289
422,-172,-302,170
188,353,-346,-344
-490,48,428,-49
-8,-367,196,357
496,82,-495,-78
-168,335,-24,-330
-436,-207,500,202
324,-257,-162,255
320,301,-448,-297
-444,149,324,-152
-161,-351,334,348
503,-28,-437,29
-16,360,-178,-354
-493,-102,497,103
192,-322,2,317
422,222,-501,-217
-343,244,185,-242
-299,-313,438,304
448,-137,-343,133
143,358,-311,-350
-503,9,446,-10
38,-356,146,350
488,118,-503,-113
-217,317,36,-311
-410,-235,495,230
362,-232,-208,228
282,315,-417,-309
-463,124,361,-123
-115,-359,286,351
505,7,-467,-3
-69,359,-123,-357
-483,-138,507,134
241,-314,-57,312
401,245,-489,-242
-380,221,234,-217
-262,-323,407,316
472,-100,-374,97
89,363,-274,-354
-505,-25,475,23
91,-356,100,354
474,152,-513,-148
-260,301,83,-297
-383,-262,475,256
398,-206,-250,203
242,334,-387,-331
-481,85,391,-86
-69,-365,251,358
502,47,-482,-41
-117,350,-73,-340
-463,-171,505,163
282,-287,-108,284
363,272,-471,-269
-409,188,279,-186
-213,-337,375,336
491,-67,-410,68
37,366,-227,-360
-502,-67,486,60
137,-345,52,340
450,185,-510,-182
-302,276,134,-277
-343,-279,460,279
428,-172,-297,174
193,343,-350,-339
-498,45,423,-51
-17,-361,200,356
503,83,-496,-75
-164,335,-27,-329
-447,-203,506,197
325,-260,-151,257
330,296,-452,-288
-441,157,317,-158
-167,-351,340,344
501,-35,-436,34
-10,364,-180,-357
-496,-100,498,100
185,-331,-1,317
427,218,-506,-213
-345,253,177,-244
-306,-304,441,300
451,-139,-334,144
146,354,-311,-350
-497,16,447,-22
36,-361,154,358
491,115,-505,-111
-207,318,26,-315
-420,-234,496,227
353,-236,-205,232
289,312,-422,-310
-459,127,353,-126
-123,-357,298,358
503,6,-462,-4
-54,359,-134,-354
-487,-135,512,131
227,-311,-49,306
400,237,-493,-237
-376,224,223,-225
-264,-321,415,316
473,-105,-367,107
102,365,-279,-355
-506,-23,464,21
80,-354,108,353
474,148,-506,-145
-249,307,71,-301
-385,-258,481,247
392,-216,-245,210
242,333,-392,-322
-479,91,387,-93
-73,-363,257,361
505,43,-476,-41
-110,348,-84,-347
-467,-167,507,161
272,-294,-98,292
368,273,-473,-267
-399,196,264,-195
-225,-343,376,336
484,-67,-405,68
49,365,-233,-357
-499,-57,493,57
129,-345,58,341
455,180,-506,-174
-291,279,121,-278
-354,-282,465,275
417,-177,-289,174
201,347,-359,-338
-493,54,421,-55
-25,-368,212,358
503,76,-500,-75
-154,336,-38,-333
-443,-199,505,197
312,-264,-147,263
332,297,-450,-289
-434,160,309,-162
-178,-352,342,348
499,-33,-429,37
-2,362,-187,-359
-493,-92,494,90
175,-335,14,328
430,209,-501,-203
-333,260,169,-258
-313,-301,441,298
446,-148,-327,147
155,352,-324,-347
-499,20,443,-22
26,-363,165,358
490,112,-504,-108
-204,320,16,-318
-418,-225,501,222
354,-239,-197,236
294,308,-433,-305
-461,132,352,-129
-131,-355,305,351
504,-1,-454,4
-50,359,-142,-356
-486,-132,506,129
227,-312,-37,313
411,244,-494,-240
-373,226,217,-226
-274,-322,410,314
464,-116,-367,117
101,363,-286,-360
-501,-15,468,12
74,-359,118,357
479,149,-509,-143
-244,304,70,-300
-391,-256,485,248
390,-213,-238,212
253,327,-398,-321
-476,97,384,-98
-86,-361,258,355
503,32,-480,-30
-98,352,-88,-346
-471,-162,507,155
270,-288,-94,290
376,264,-479,-257
-404,197,261,-200
-228,-334,384,328
484,-81,-395,80
56,366,-237,-359
-504,-54,482,49
118,-343,70,340
463,171,-509,-168
-288,279,117,-279
-357,-273,465,271
414,-181,-283,184
208,342,-367,-338
-487,62,413,-68
-32,-362,217,359
505,62,-494,-57
-150,347,-40,-339
-453,-188,504,185
305,-278,-135,271
343,289,-454,-284
-426,170,304,-171
-186,-350,351,344
494,-47,-428,48
9,365,-202,-364
-498,-85,498,87
169,-337,22,329
436,207,-506,-205
-323,263,159,-253
-319,-298,446,296
435,-154,-324,155
166,351,-327,-350
-498,28,441,-32
14,-359,175,353
490,106,-499,-101
-191,321,3,-316
-422,-221,497,216
345,-244,-187,243
302,309,-430,-304
-456,131,345,-132
-138,-362,312,352
500,-7,-454,7
-43,365,-148,-359
-483,-119,501,115
215,-319,-34,318
410,236,-492,-229
-362,235,209,-231
-279,-319,423,315
465,-121,-356,120
111,359,-291,-360
-501,-13,458,7
66,-353,120,351
478,138,-506,-133
-238,309,61,-303
-402,-245,484,243
379,-222,-227,223
261,328,-402,-325
-469,99,371,-102
-88,-363,271,355
504,30,-472,-27
-86,350,-98,-343
-477,-156,506,152
255,-293,-83,292
384,260,-476,-258
-398,205,253,-207
-239,-333,384,330
481,-88,-390,93
72,365,-250,-360
-502,-46,480,44
111,-346,80,341
464,169,-510,-167
-283,288,111,-285
-364,-275,466,268
408,-189,-277,192
217,343,-369,-336
-484,71,410,-71
-43,-366,227,357
502,60,-493,-59
-139,341,-50,-337
-456,-185,510,181
305,-270,-133,275
345,282,-461,-278
-424,171,298,-174
-194,-348,351,340
496,-49,-421,48
16,364,-202,-357
-503,-78,496,76
167,-336,28,333
439,198,-507,-193
-325,265,158,-264
-327,-296,446,292
444,-160,-319,156
172,354,-338,-343
-499,34,441,-33
8,-365,177,356
494,99,-502,-97
-189,329,2,-327
-427,-219,500,213
339,-257,-179,254
308,308,-434,-300
-450,147,340,-149
-147,-359,315,354
505,-13,-453,15
-38,361,-158,-353
-490,-119,512,115
212,-316,-27,311
414,235,-496,-227
-357,238,203,-238
-288,-323,426,318
459,-124,-354,125
124,364,-304,-359
-506,-9,460,9
57,-357,127,351
486,136,-505,-136
-229,305,55,-306
-402,-239,491,238
376,-220,-223,223
264,320,-416,-318
-472,107,369,-105
-97,-367,283,364
505,23,-471,-20
-83,357,-108,-354
-478,-149,508,142
254,-297,-77,294
386,254,-479,-249
-388,210,246,-208
-244,-331,395,327
481,-91,-388,90
70,365,-256,-364
-507,-46,482,47
105,-348,80,343
467,166,-505,-163
-271,290,99,-286
-367,-268,476,264
404,-197,-269,196
223,343,-383,-336
-490,70,403,-71
-46,-362,234,355
503,53,-486,-50
-129,343,-60,-343
-458,-175,511,171
287,-277,-123,282
356,282,-464,-279
-418,176,290,-176
-198,-348,359,341
489,-56,-421,54
26,367,-209,-356
-504,-76,493,71
149,-337,36,335
449,195,-506,-188
-310,268,144,-269
-335,-293,453,287
433,-165,-309,162
184,354,-342,-347
-499,36,429,-41
-1,-365,188,357
495,92,-495,-84
-179,333,-9,-327
-428,-206,503,205
328,-258,-170,253
316,302,-438,-296
-443,151,328,-150
-159,-359,323,350
503,-21,-441,26
-23,363,-172,-357
-492,-114,497,109
200,-324,-19,318
422,230,-496,-222
-351,242,199,-236
-300,-312,434,301
454,-127,-344,128
136,355,-306,-350
-500,3,453,-4
46,-358,139,357
487,128,-504,-125
-222,313,38,-311
-410,-241,495,236
366,-231,-218,225
275,320,-418,-311
-463,118,365,-112
-108,-361,284,354
502,18,-464,-16
-69,356,-116,-351
-478,-145,511,139
244,-304,-68,296
391,248,-488,-239
-388,216,242,-213
-253,-327,399,321
476,-97,-386,98
81,363,-260,-358
-505,-37,479,34
99,-349,90,343
471,158,-508,-155
-267,294,90,-294
-372,-261,473,261
401,-201,-255,200
229,336,-381,-331
-481,77,394,-77
-60,-364,241,357
506,59,-487,-54
-125,342,-62,-340
-462,-177,506,176
290,-283,-117,277
355,282,-467,-274
-417,184,279,-182
-210,-346,369,337
496,-62,-411,62
32,360,-221,-357
-501,-66,494,66
148,-343,40,335
446,194,-508,-187
-305,271,141,-265
-337,-289,457,280
433,-162,-302,163
179,349,-348,-339
-499,41,428,-42
-5,-364,190,357
498,91,-499,-89
-168,329,-12,-326
-438,-208,506,202
323,-258,-167,257
322,298,-445,-294
-440,150,320,-152
-160,-352,328,346
502,-25,-441,30
-21,365,-167,-353
-493,-105,504,100
190,-326,-9,320
425,225,-497,-221
-346,243,184,-241
-299,-313,434,305
457,-134,-345,135
133,357,-314,-352
-501,10,458,-11
40,-357,149,352
489,120,-505,-115
-214,317,32,-310
-414,-235,493,229
365,-234,-208,233
282,316,-422,-314
-461,115,359,-119
-118,-362,294,356
506,15,-463,-12
-64,361,-128,-355
-485,-139,501,134
237,-309,-54,305
395,247,-483,-241
-375,221,236,-217
-260,-324,400,322
470,-103,-376,102
94,361,-267,-353
-506,-30,472,29
86,-351,98,342
474,155,-510,-150
-256,299,83,-295
-381,-262,477,251
393,-209,-249,206
233,336,-392,-325
-478,86,391,-86
-64,-363,248,358
503,44,-480,-41
-112,349,-72,-342
-465,-169,511,164
282,-289,-111,284
365,275,-476,-265
-414,191,277,-192
-217,-345,371,334
489,-68,-404,72
43,367,-222,-360
-498,-60,488,58
135,-344,50,339
448,182,-506,-182
-300,275,125,-272
-343,-285,458,285
425,-171,-294,170
195,349,-357,-342
-493,56,428,-53
-20,-368,202,360
501,73,-497,-71
-157,338,-25,-331
-446,-200,509,192
318,-264,-153,259
325,294,-455,-292
-436,159,316,-158
-168,-350,338,347
498,-31,-435,33
-3,361,-186,-357
-497,-99,502,99
184,-327,7,322
427,216,-509,-209
-340,257,181,-249
-309,-311,439,297
448,-144,-340,144
147,359,-315,-353
-498,13,448,-17
35,-359,155,357
486,112,-500,-111
-209,321,21,-316
-414,-230,496,228
356,-236,-202,233
290,318,-421,-312
-461,122,352,-120
-125,-363,293,353
504,7,-456,-4
-54,360,-134,-352
-482,-135,511,132
228,-310,-47,303
397,242,-490,-236
-375,225,222,-223
-265,-318,408,315
471,-111,-374,111
100,363,-278,-357
-506,-23,472,24
85,-357,109,345
473,152,-509,-144
-252,305,74,-300
-384,-256,484,251
391,-209,-244,213
244,330,-394,-331
-479,86,389,-89
-73,-365,252,355
505,39,-479,-39
-106,352,-82,-342
-465,-164,508,162
272,-292,-102,291
368,271,-472,-266
-401,195,275,-192
-227,-336,375,331
485,-75,-405,75
48,362,-229,-357
-503,-56,485,54
133,-345,55,341
458,184,-506,-183
-295,277,119,-273
-352,-283,463,277
422,-174,-291,173
202,344,-361,-337
-491,57,421,-58
-29,-366,211,359
504,74,-490,-68
-155,336,-33,-330
-444,-198,509,192
315,-263,-153,259
328,294,-452,-285
-431,158,314,-159
-177,-356,337,342
498,-31,-433,39
-2,365,-189,-359
-501,-91,504,88
180,-330,7,324
436,205,-508,-204
-332,259,170,-251
-312,-305,441,294
443,-145,-323,148
152,359,-323,-350
-501,17,447,-18
30,-363,167,352
496,111,-505,-109
-208,322,16,-311
-419,-228,491,221
351,-242,-196,244
293,315,-429,-313
-454,130,355,-131
-130,-357,306,352
502,-4,-457,1
-52,357,-141,-351
-482,-126,503,124
227,-310,-42,305
406,239,-493,-232
-376,223,223,-224
-274,-317,410,313
466,-119,-368,121
110,365,-280,-363
-501,-13,466,13
72,-360,120,356
476,147,-510,-145
-248,304,65,-297
-390,-252,485,243
388,-214,-246,215
254,326,-397,-319
-480,98,387,-101
-81,-364,260,359
508,37,-473,-32
-100,352,-91,-349
-469,-163,508,156
269,-296,-86,291
375,262,-481,-260
-405,204,259,-198
-234,-334,380,329
483,-81,-396,84
59,366,-237,-363
-503,-52,485,49
125,-348,68,346
462,176,-509,-171
-283,284,118,-279
-359,-279,465,269
412,-182,-288,185
208,342,-365,-338
-492,58,416,-66
-33,-365,217,358
504,72,-493,-69
-149,341,-45,-334
-451,-191,511,189
310,-271,-142,268
337,289,-454,-279
-422,168,299,-166
-190,-354,351,342
495,-41,-422,44
13,367,-201,-361
-500,-87,497,83
170,-331,19,329
434,207,-502,-198
-326,255,161,-253
-320,-296,441,286
438,-153,-323,151
163,349,-327,-347
-493,28,439,-31
19,-364,174,360
492,105,-502,-102
-196,324,6,-316
-427,-215,502,213
345,-246,-182,245
300,302,-436,-296
-451,136,339,-142
-135,-355,310,351
501,-9,-456,16
-43,360,-149,-355
-486,-122,512,112
212,-317,-32,311
410,235,-491,-227
-362,237,211,-236
-282,-318,416,313
466,-121,-363,122
116,366,-292,-355
-506,-15,462,13
66,-358,122,353
481,141,-504,-136
-237,306,57,-305
-395,-247,490,239
383,-222,-229,219
256,324,-405,-320
-479,108,378,-103
-85,-365,263,360
507,27,-474,-28
-88,354,-100,-347
-474,-153,510,149
255,-300,-77,294
385,257,-478,-253
-394,209,252,-206
-243,-335,387,331
483,-84,-393,87
66,367,-249,-362
-510,-47,483,42
119,-350,77,345
464,170,-511,-164
-279,285,109,-283
-362,-268,472,263
409,-189,-282,187
214,335,-374,-335
-490,67,410,-67
-39,-360,227,357
506,65,-487,-60
-137,342,-48,-333
-457,-192,507,181
299,-273,-133,271
345,291,-460,-281
-426,169,297,-171
-192,-346,355,344
492,-48,-419,52
18,365,-202,-358
-501,-84,495,79
168,-338,21,329
441,203,-509,-201
-323,267,152,-265
-328,-298,451,292
438,-156,-313,159
170,355,-340,-349
-499,30,439,-34
7,-367,188,356
493,97,-501,-90
-181,331,-5,-321
-430,-218,504,211
341,-251,-181,248
302,309,-438,-301
-446,143,334,-140
-144,-359,314,350
500,-11,-449,15
-28,360,-152,-358
-495,-116,507,112
204,-319,-23,315
412,222,-496,-219
-350,236,199,-232
-281,-314,423,306
456,-121,-353,123
123,363,-294,-354
-505,-3,460,0
56,-357,135,350
481,129,-508,-127
-228,315,45,-309
-404,-248,489,243
375,-227,-226,222
269,323,-408,-317
-465,107,374,-107
-97,-357,275,351
500,20,-471,-19
-83,354,-104,-349
-478,-152,510,146
251,-299,-74,299
386,259,-487,-252
-388,209,247,-207
-248,-328,395,323
481,-94,-386,92
82,360,-249,-356
-511,-40,473,37
108,-345,81,343
467,164,-508,-162
-275,290,100,-285
-369,-267,473,264
399,-197,-271,194
225,340,-374,-335
-483,72,407,-75
-53,-366,229,359
506,58,-488,-54
-126,343,-58,-339
-454,-176,506,179
291,-281,-120,278
352,282,-463,-282
-424,180,292,-177
-203,-353,359,340
499,-54,-421,55
20,369,-213,-358
-502,-77,494,73
153,-337,32,330
441,195,-508,-188
-313,265,155,-264
-329,-294,454,285
436,-159,-307,161
176,353,-345,-345
-494,39,431,-35
1,-369,188,357
498,90,-504,-91
-179,332,-9,-323
-432,-213,502,205
331,-252,-173,249
310,302,-440,-295
-448,147,334,-147
-156,-356,325,350
502,-16,-449,18
-25,363,-163,-354
-483,-117,506,111
200,-322,-21,317
416,230,-500,-224
-351,241,196,-240
-296,-318,428,307
459,-129,-345,130
130,363,-303,-355
-499,-3,457,-1
47,-359,138,356
481,132,-505,-127
-224,314,44,-309
-402,-240,490,235
371,-233,-215,228
271,321,-413,-313
-463,112,363,-115
-112,-357,276,355
505,20,-465,-15
-69,355,-112,-351
-480,-145,509,137
246,-305,-67,301
389,249,-486,-243
-386,210,240,-210
-252,-326,403,323
475,-95,-381,94
79,366,-266,-356
-503,-37,478,30
100,-352,90,343
470,165,-510,-162
-266,295,91,-288
-375,-264,478,264
403,-203,-262,201
229,330,-385,-328
-484,82,400,-85
-59,-363,241,359
503,53,-483,-48
-121,341,-67,-342
-462,-173,507,174
291,-283,-121,281
359,274,-465,-272
-416,192,287,-188
-210,-343,368,335
490,-66,-413,69
34,367,-222,-365
-502,-65,490,61
148,-346,47,342
445,190,-507,-183
-302,270,137,-268
-338,-289,459,278
427,-163,-301,167
186,345,-353,-336
-497,47,426,-44
-12,-361,200,356
496,84,-500,-90
-165,335,-19,-330
-438,-209,504,204
327,-264,-162,264
324,301,-445,-294
-437,153,321,-155
-166,-356,328,347
499,-20,-439,23
-16,362,-167,-354
-495,-106,506,103
194,-323,-12,324
421,218,-501,-216
-344,243,184,-244
-304,-305,435,295
455,-137,-339,137
138,356,-317,-349
-506,18,456,-19
48,-365,150,364
485,116,-508,-114
-217,316,31,-311
-407,-235,495,229
364,-229,-210,227
278,314,-420,-310
-463,124,360,-122
-115,-359,289,356
506,10,-466,-8
-66,357,-121,-353
-483,-141,512,132
237,-303,-58,301
396,246,-485,-239
-378,217,234,-213
-261,-328,402,325
475,-99,-383,98
90,359,-271,-357
-507,-24,480,24
86,-352,103,345
473,154,-514,-141
-256,301,83,-297
-380,-265,478,255
400,-205,-260,202
240,338,-382,-333
-486,86,396,-86
-65,-368,245,364
506,47,-481,-40
-118,348,-77,-346
-462,-174,507,168
282,-282,-109,280
359,275,-469,-265
-411,183,281,-185
-214,-343,371,332
492,-62,-414,66
42,370,-222,-361
-507,-71,491,66
141,-340,47,335
454,189,-508,-182
-297,272,131,-271
-348,-285,462,278
421,-173,-295,174
198,346,-353,-343
-496,50,421,-51
-17,-368,202,359
499,85,-493,-77
-165,339,-32,-328
-442,-205,506,196
321,-261,-149,258
327,294,-453,-289
-438,154,317,-158
-167,-349,335,345
496,-32,-434,34
-8,359,-178,-354
-494,-96,501,94
187,-323,1,322
429,215,-508,-208
-343,249,178,-253
-306,-303,436,299
451,-142,-334,144
145,353,-315,-349
-503,11,452,-16
32,-356,161,353
490,118,-505,-114
-207,316,20,-315
-416,-229,491,227
355,-242,-201,239
294,314,-425,-308
-460,130,349,-127
-126,-355,302,353
504,2,-459,-3
-57,355,-132,-355
-482,-134,512,128
232,-311,-52,309
404,244,-488,-236
-379,224,223,-223
-272,-322,408,317
472,-106,-377,108
104,359,-276,-351
-504,-23,476,17
77,-356,113,346
480,153,-511,-149
-251,300,72,-290
-390,-259,486,252
396,-205,-253,202
244,324,-396,-323
-479,92,387,-94
-75,-364,260,360
504,42,-481,-37
-106,357,-88,-346
-469,-166,514,162
276,-290,-99,287
372,264,-470,-263
-404,191,270,-190
-222,-337,380,333
483,-69,-404,70
49,363,-241,-358
-504,-61,490,53
129,-343,54,339
451,178,-510,-171
-291,285,125,-280
-347,-281,469,279
416,-181,-282,179
204,345,-365,-342
-495,53,414,-58
-29,-367,214,357
507,75,-494,-69
-152,339,-40,-331
-441,-197,505,190
312,-266,-142,264
331,295,-452,-287
-434,162,309,-157
-180,-346,340,342
496,-40,-434,38
1,359,-185,-355
-495,-90,503,84
174,-332,10,329
433,213,-505,-208
-331,258,171,-255
-314,-306,442,302
445,-151,-331,147
158,357,-328,-354
-504,18,446,-21
28,-360,164,354
493,114,-505,-103
-205,321,22,-314
-416,-226,499,217
348,-243,-197,238
295,312,-433,-305
-458,132,347,-129
-131,-358,309,351
503,-1,-452,3
-51,360,-145,-349
-480,-130,504,123
219,-313,-36,306
403,239,-494,-237
-366,225,216,-226
-271,-319,413,317
471,-115,-363,114
106,360,-285,-356
-506,-15,468,16
73,-353,113,355
478,145,-507,-139
-247,306,67,-303
-388,-253,483,242
387,-214,-237,215
247,328,-400,-324
-477,93,385,-99
-79,-361,261,359
506,32,-478,-28
-101,353,-94,-348
-472,-160,508,156
267,-298,-89,294
381,263,-475,-259
-399,199,262,-201
-236,-332,380,325
487,-78,-399,84
58,362,-240,-355
-504,-49,487,48
125,-344,70,340
459,173,-510,-170
-290,283,113,-282
-360,-273,465,269
417,-185,-279,182
207,339,-364,-337
-486,62,414,-61
-33,-367,215,363
499,68,-495,-66
-144,340,-44,-338
-453,-188,507,188
306,-264,-131,266
341,286,-455,-280
-426,162,303,-164
-185,-350,344,339
491,-42,-436,43
15,365,-195,-357
-502,-81,503,80
167,-336,22,333
445,199,-508,-197
-328,260,161,-261
-327,-296,446,291
443,-148,-324,147
166,350,-329,-345
-505,28,439,-28
20,-363,175,360
493,100,-498,-94
-190,326,3,-324
-426,-219,497,214
343,-245,-182,244
304,307,-430,-305
-456,135,338,-134
-138,-361,311,353
505,-3,-451,9
-39,360,-150,-357
-491,-125,509,116
211,-315,-35,314
415,231,-496,-226
-360,239,210,-229
-280,-315,420,307
460,-121,-360,119
114,362,-294,-355
-506,-14,466,9
65,-354,129,353
485,136,-510,-133
-238,302,57,-304
-394,-248,489,241
380,-220,-236,220
261,329,-409,-323
-472,108,375,-104
-90,-366,274,362
500,28,-474,-25
-94,356,-97,-353
-469,-157,514,149
258,-297,-81,294
379,263,-479,-254
-394,201,253,-200
-235,-332,382,329
480,-88,-393,88
67,366,-245,-357
-509,-42,477,36
113,-352,77,343
467,170,-511,-163
-277,285,106,-289
-361,-272,474,270
410,-190,-272,192
214,345,-371,-341
-489,66,407,-66
-39,-364,224,361
500,67,-490,-61
-142,340,-50,-334
-452,-186,507,179
298,-282,-134,273
348,287,-460,-281
-421,174,303,-171
-194,-342,349,339
497,-49,-425,49
14,359,-200,-355
-503,-81,495,76
160,-336,27,334
442,204,-504,-195
-318,264,158,-265
-326,-295,449,290
434,-159,-322,157
173,354,-340,-347
-495,30,437,-34
8,-367,184,362
497,101,-498,-94
-187,329,0,-328
-432,-214,502,206
339,-251,-178,250
309,304,-438,-298
-451,144,331,-138
-148,-356,313,353
503,-14,-447,11
-32,361,-151,-357
-488,-119,506,114
206,-323,-27,319
420,235,-496,-227
-357,238,203,-238
-291,-313,422,306
459,-125,-354,122
122,357,-293,-352
-505,-2,460,9
56,-358,130,354
485,132,-514,-129
-226,311,51,-306
-401,-245,496,232
374,-226,-223,222
262,322,-410,-314
-471,109,369,-110
-97,-363,272,360
504,26,-469,-23
-76,351,-101,-350
-475,-152,508,147
254,-295,-75,295
383,258,-484,-248
-390,210,244,-210
-245,-334,396,326
477,-97,-388,92
75,366,-257,-357
-507,-37,479,38
103,-350,88,341
469,166,-505,-159
-272,291,99,-284
-371,-267,472,259
407,-200,-269,194
231,336,-375,-332
-488,79,400,-75
-50,-363,232,361
504,57,-489,-53
-137,345,-58,-340
-455,-182,507,170
296,-284,-122,279
353,281,-463,-275
-418,181,286,-179
-203,-346,364,342
492,-57,-420,57
23,365,-207,-357
-502,-72,492,67
154,-336,31,332
445,193,-501,-188
-311,269,144,-267
-333,-292,453,289
432,-166,-306,161
181,354,-344,-346
-498,37,433,-36
1,-364,190,357
496,93,-505,-89
-178,328,-12,-329
-435,-214,505,204
330,-256,-168,257
316,306,-441,-295
-442,147,328,-151
-156,-355,328,350
503,-19,-441,20
-22,363,-168,-351
-494,-109,501,105
200,-324,-22,316
415,223,-502,-216
-348,244,199,-243
-288,-314,432,304
456,-130,-347,131
130,360,-301,-351
-508,0,454,-8
48,-354,141,353
483,130,-505,-117
-221,309,40,-308
-400,-243,492,233
366,-229,-218,228
274,322,-417,-318
-466,113,365,-114
-108,-358,283,355
504,20,-465,-15
-78,353,-114,-349
-477,-143,509,140
247,-307,-66,300
396,252,-486,-249
-380,212,239,-213
-258,-331,396,326
472,-89,-380,94
85,366,-263,-359
-506,-32,477,33
99,-354,98,349
468,155,-508,-154
-271,295,86,-290
-371,-265,473,260
402,-206,-263,199
232,342,-385,-333
-484,81,398,-84
-57,-367,243,364
500,54,-484,-47
-122,346,-64,-345
-455,-173,511,172
282,-285,-110,279
360,276,-469,-274
-411,184,275,-181
-214,-344,363,340
491,-57,-416,59
34,365,-216,-358
-506,-73,493,69
151,-338,41,332
451,189,-505,-187
-307,268,144,-270
-337,-286,455,281
427,-167,-301,170
182,353,-352,-343
-496,43,431,-41
-8,-369,197,359
498,87,-505,-84
-168,332,-13,-326
-439,-201,499,196
332,-258,-164,255
321,296,-440,-291
-444,153,324,-152
-166,-357,332,349
499,-28,-444,28
-15,366,-174,-362
-495,-99,505,99
200,-328,-7,324
420,215,-500,-211
-347,248,182,-241
-301,-306,435,300
454,-130,-341,133
139,353,-309,-348
-506,6,456,-10
45,-363,144,356
488,121,-508,-122
-214,321,31,-316
-411,-237,495,233
361,-230,-206,228
282,314,-422,-307
-465,120,361,-121
-117,-354,288,355
505,5,-465,-3
-66,355,-123,-355
-481,-141,508,136
242,-308,-53,304
393,252,-490,-245
-380,219,232,-219
-256,-327,405,321
472,-105,-379,103
89,367,-273,-359
-508,-27,472,27
91,-351,102,344
475,151,-506,-147
-260,293,85,-294
-377,-258,478,254
396,-204,-257,208
235,337,-382,-328
-483,80,389,-84
-65,-367,245,357
503,53,-478,-47
-113,349,-80,-344
-464,-172,508,168
282,-284,-111,285
360,270,-468,-268
-409,186,280,-190
-212,-337,376,334
490,-68,-410,69
42,361,-229,-353
-506,-56,493,55
137,-349,49,338
454,185,-514,-181
-302,278,135,-273
-344,-286,460,283
428,-171,-298,173
191,346,-349,-345
-493,51,424,-53
-22,-369,204,361
497,84,-497,-79
-161,335,-28,-330
-438,-203,506,199
322,-260,-155,263
329,292,-452,-292
-440,160,318,-156
-176,-353,334,346
504,-34,-436,33
-9,368,-178,-359
-497,-97,500,92
188,-327,-1,324
432,213,-497,-209
-341,249,178,-249
-312,-308,437,302
450,-139,-335,139
147,362,-317,-352
-503,10,448,-11
30,-363,158,357
491,111,-504,-112
-201,323,22,-318
-415,-228,499,226
355,-239,-207,238
289,318,-422,-312
-459,125,354,-128
-128,-359,293,355
505,-1,-457,0
-54,357,-134,-351
-485,-132,503,128
229,-306,-50,303
402,241,-487,-236
-375,225,233,-222
-271,-322,409,315
471,-112,-370,110
102,365,-280,-361
-501,-24,469,23
76,-356,107,351
475,151,-512,-146
-247,303,76,-296
-388,-256,481,249
390,-211,-246,212
243,330,-392,-323
-476,88,395,-92
-76,-362,251,353
505,40,-484,-38
-101,350,-78,-345
-465,-164,506,163
271,-291,-97,289
367,269,-471,-266
-408,194,264,-191
-226,-337,375,330
487,-77,-401,77
49,364,-230,-356
-502,-53,486,51
134,-343,60,339
455,180,-510,-176
-294,283,121,-279
-351,-284,465,273
418,-181,-289,181
204,347,-361,-338
-492,51,419,-53
-24,-365,205,359
503,78,-493,-77
-158,338,-35,-333
-446,-192,511,191
316,-272,-140,268
328,292,-458,-288
-438,167,312,-167
-176,-356,343,350
498,-35,-441,37
1,362,-191,-355
-495,-97,501,88
184,-328,7,322
434,215,-495,-198
-336,255,172,-255
-314,-305,440,295
440,-148,-328,147
156,361,-322,-356
-499,17,447,-18
25,-363,162,359
491,111,-504,-107
-202,317,17,-312
-420,-224,500,215
351,-242,-200,239
290,315,-429,-306
-458,131,354,-131
-124,-358,301,353
501,0,-459,3
-48,356,-138,-353
-482,-128,503,126
224,-311,-42,314
402,242,-488,-243
-372,224,213,-224
-277,-322,417,316
470,-113,-364,107
111,364,-282,-353
-504,-16,471,16
73,-359,115,351
477,144,-512,-139
-247,305,66,-300
-390,-252,488,248
390,-210,-245,211
252,326,-397,-319
-477,91,386,-95
-82,-360,260,352
503,38,-475,-36
-103,350,-93,-343
-469,-162,506,153
270,-293,-86,292
373,264,-475,-254
-398,203,258,-199
-229,-333,387,329
480,-82,-399,77
58,362,-242,-354
-502,-48,480,46
121,-352,68,343
462,173,-510,-171
-283,286,115,-282
-361,-278,473,272
412,-179,-282,180
207,344,-365,-335
-488,58,414,-63
-31,-368,218,362
500,71,-494,-69
-143,341,-45,-335
-450,-193,506,185
303,-272,-137,270
341,289,-456,-278
-423,175,300,-172
-188,-350,347,346
491,-47,-424,45
12,368,-197,-365
-501,-90,497,85
168,-336,20,332
436,205,-509,-203
-324,257,162,-257
-315,-295,450,293
437,-148,-318,153
164,353,-330,-345
-501,24,438,-29
15,-366,173,357
496,104,-508,-103
-195,329,7,-321
-426,-218,503,214
343,-251,-186,244
307,309,-436,-300
-449,139,340,-136
-142,-359,316,351
502,-8,-453,12
-39,358,-146,-351
-491,-120,505,115
216,-314,-36,308
411,232,-492,-228
-364,234,208,-232
-278,-317,420,313
462,-118,-361,121
115,357,-292,-354
-501,-9,463,4
62,-359,128,349
482,140,-503,-134
-235,308,52,-298
-403,-252,487,244
379,-216,-233,212
264,328,-404,-322
-474,103,379,-100
-89,-362,271,354
506,29,-475,-28
-91,351,-106,-343
-474,-157,511,154
263,-299,-80,295
379,261,-480,-258
-396,209,258,-204
-237,-335,390,325
478,-89,-394,88
66,367,-255,-361
-503,-44,487,44
113,-346,72,340
466,168,-511,-163
-282,285,112,-281
-365,-275,471,267
411,-189,-272,189
216,341,-373,-334
-489,70,410,-67
-41,-362,224,357
503,61,-497,-60
-138,344,-48,-341
-451,-183,510,179
298,-278,-133,275
347,283,-458,-277
-424,172,295,-171
-196,-349,359,343
494,-49,-425,45
18,368,-208,-359
-501,-79,495,80
163,-338,28,333
446,199,-504,-195
-322,265,151,-265
-330,-292,453,289
436,-156,-316,157
170,349,-336,-343
-497,32,435,-36
4,-363,178,355
497,98,-500,-94
-180,327,-1,-323
-429,-217,504,215
339,-251,-180,246
304,305,-436,-299
-449,145,335,-140
-150,-359,317,354
505,-12,-450,12
-31,360,-159,-360
-491,-116,505,111
207,-315,-23,314
414,230,-501,-224
-354,233,202,-233
-289,-317,430,313
459,-122,-352,123
126,357,-292,-354
-501,-4,455,3
58,-359,130,357
483,140,-509,-137
-231,314,52,-309
-404,-247,490,243
373,-226,-225,220
267,316,-409,-315
-468,109,365,-109
-99,-359,277,357
503,22,-469,-18
-78,358,-107,-350
-479,-147,508,145
254,-301,-72,296
387,253,-477,-252
-394,208,246,-205
-243,-327,392,321
476,-92,-389,94
74,361,-252,-358
-505,-43,477,41
109,-349,83,344
467,167,-512,-165
-274,292,98,-287
-370,-268,474,261
403,-191,-271,194
225,339,-368,-333
-482,70,401,-74
-49,-367,233,364
506,56,-484,-53
-134,348,-61,-346
-459,-184,506,179
294,-281,-125,277
346,286,-462,-276
-419,179,291,-181
-199,-346,359,337
494,-57,-417,59
29,363,-208,-359
-499,-74,490,75
148,-334,32,330
446,194,-505,-192
-313,263,146,-259
-330,-290,452,285
431,-162,-308,159
171,353,-340,-343
-496,38,434,-37
2,-365,189,356
496,93,-498,-89
-176,326,-11,-324
-430,-212,500,205
332,-253,-174,253
313,306,-438,-301
-444,150,328,-148
-154,-358,320,355
501,-20,-439,21
-28,364,-160,-358
-490,-111,502,108
201,-324,-24,316
418,222,-498,-222
-350,240,197,-241
-296,-310,427,308
458,-127,-345,136
137,359,-303,-354
-505,6,456,-9
44,-358,142,354
486,124,-509,-120
-226,311,43,-309
-405,-238,488,230
367,-233,-217,230
274,324,-412,-316
-463,114,362,-113
-106,-362,289,355
507,18,-465,-14
-74,347,-116,-345
-481,-138,507,133
241,-300,-72,297
390,250,-486,-241
-384,216,240,-212
-251,-331,408,322
475,-95,-387,92
82,360,-265,-354
-504,-29,478,30
95,-350,94,347
472,154,-504,-150
-262,294,87,-295
-381,-263,475,260
403,-198,-262,196
233,335,-383,-327
-483,81,396,-79
-61,-366,240,354
500,51,-481,-47
-117,341,-66,-339
-459,-171,510,168
287,-282,-116,281
358,274,-470,-269
-418,187,281,-183
-211,-342,372,332
491,-63,-413,62
39,364,-221,-354
-501,-68,492,65
144,-340,40,335
448,195,-507,-187
-307,271,141,-268
-338,-287,457,281
426,-172,-306,168
185,345,-345,-343
-494,46,426,-46
-3,-370,196,363
496,93,-497,-84
-169,335,-23,-331
-438,-208,505,200
322,-257,-159,259
324,300,-440,-296
-440,152,319,-149
-162,-359,332,348
496,-22,-442,26
-14,362,-172,-358
-491,-105,502,98
188,-329,-7,328
424,220,-499,-215
-350,249,179,-244
-296,-307,438,302
462,-135,-337,135
135,356,-315,-354
-502,10,452,-11
38,-362,148,354
489,119,-503,-120
-213,313,32,-304
-414,-231,493,226
360,-230,-213,228
281,314,-419,-305
-466,122,366,-119
-113,-360,286,351
510,11,-464,-8
-67,358,-125,-351
-483,-137,509,133
238,-310,-56,306
393,245,-487,-244
-380,220,234,-222
-257,-325,402,321
472,-102,-377,102
90,361,-270,-353
-506,-28,473,29
88,-352,101,342
471,158,-509,-152
-256,298,86,-291
-378,-265,475,257
393,-205,-256,202
237,333,-388,-326
-481,85,393,-87
-65,-365,248,359
504,50,-481,-45
-115,348,-72,-344
-461,-171,505,170
283,-282,-105,282
360,272,-469,-267
-409,185,274,-191
-216,-343,371,339
487,-63,-411,68
40,365,-223,-365
-505,-66,484,63
140,-345,55,341
453,187,-502,-182
-296,274,126,-274
-351,-286,457,280
424,-167,-294,173
193,350,-352,-340
-496,53,420,-51
-13,-371,206,364
501,79,-500,-79
-159,337,-28,-332
-444,-201,508,193
321,-266,-154,261
324,296,-447,-287
-435,163,313,-160
-172,-354,339,346
498,-31,-437,31
-6,357,-184,-356
-497,-99,502,96
191,-323,3,325
429,215,-504,-209
-339,254,177,-248
-314,-303,442,300
451,-146,-334,141
152,355,-317,-352
-501,12,452,-17
32,-361,157,353
485,120,-505,-116
-207,317,19,-310
-420,-229,493,225
359,-239,-200,238
291,314,-428,-308
-460,129,355,-126
-123,-360,300,355
505,2,-460,-2
-55,357,-133,-350
-485,-131,508,122
227,-307,-46,307
404,242,-491,-237
-374,224,229,-225
-267,-326,411,320
471,-111,-374,110
96,364,-280,-357
-506,-19,468,18
82,-356,108,351
475,148,-512,-144
-253,303,77,-299
-385,-257,479,252
393,-203,-242,205
248,328,-392,-319
-478,85,384,-90
-76,-358,258,350
505,37,-479,-32
-109,347,-81,-343
-470,-164,509,162
276,-288,-99,284
371,271,-477,-268
-406,192,268,-192
-222,-341,378,333
486,-73,-401,74
50,362,-232,-359
-504,-55,483,56
133,-337,60,334
457,178,-512,-175
-297,279,127,-272
-352,-285,463,279
418,-178,-286,175
201,346,-360,-338
-490,59,414,-61
-27,-365,214,360
500,72,-493,-70
-148,340,-31,-337
-448,-204,502,193
311,-265,-153,264
338,296,-452,-283
-435,162,315,-161
-181,-350,345,343
500,-41,-436,40
0,364,-190,-356
-497,-90,501,88
179,-327,12,321
431,211,-506,-207
-332,250,168,-254
-316,-305,442,297
444,-145,-329,149
158,356,-322,-349
-501,26,446,-21
25,-367,163,363
493,108,-508,-107
-198,330,21,-319
-419,-231,498,222
350,-239,-198,235
286,311,-426,-305
-458,127,351,-129
-128,-356,306,348
502,-2,-459,7
-46,358,-140,-351
-483,-125,505,118
226,-311,-45,307
402,239,-486,-230
-369,226,213,-221
-272,-326,413,317
463,-113,-362,112
106,366,-283,-362
-497,-13,466,13
75,-357,111,353
473,143,-503,-139
-243,305,65,-301
-393,-253,485,246
380,-215,-238,214
253,328,-400,-323
-472,99,385,-97
-81,-366,259,356
503,32,-476,-31
-96,355,-92,-346
-468,-160,510,156
266,-297,-89,291
378,269,-477,-260
-402,199,261,-195
-236,-338,383,331
483,-79,-399,77
58,366,-244,-360
-502,-52,482,50
127,-349,69,345
458,178,-506,-175
-292,284,119,-282
-355,-278,470,269
415,-187,-284,184
205,342,-366,-331
-488,64,416,-62
-31,-363,215,355
504,70,-496,-67
-148,338,-42,-332
-449,-189,505,180
307,-270,-134,267
338,288,-460,-277
-426,167,307,-168
-189,-350,351,344
493,-43,-431,44
9,365,-196,-362
-501,-84,495,80
171,-339,19,335
441,205,-506,-198
-325,261,164,-258
-318,-295,445,290
436,-154,-321,151
160,352,-333,-345
-494,28,443,-32
14,-364,177,360
493,106,-501,-100
-193,321,5,-321
-423,-221,499,218
346,-244,-195,241
302,308,-436,-302
-454,133,347,-134
-142,-354,318,352
503,-4,-446,8
-37,361,-158,-355
-489,-124,503,122
215,-320,-31,310
414,236,-493,-231
-366,232,214,-229
-280,-316,416,308
460,-121,-366,120
114,359,-295,-352
-504,-9,470,10
68,-356,125,351
481,138,-508,-136
-239,307,67,-304
-394,-248,483,242
375,-219,-237,218
263,327,-402,-320
-470,106,376,-103
-90,-361,266,357
504,25,-471,-24
-93,351,-97,-345
-474,-154,509,146
258,-298,-83,291
377,260,-480,-256
-393,203,250,-202
-237,-330,388,328
480,-84,-389,88
72,361,-247,-354
-502,-45,483,46
114,-348,75,337
457,170,-510,-166
-284,289,106,-286
-363,-282,473,269
414,-186,-277,188
216,347,-375,-336
-488,66,410,-66
-42,-364,227,357
506,60,-485,-57
-135,341,-54,-339
-457,-188,508,180
300,-270,-131,269
345,286,-465,-278
-427,169,292,-167
-194,-346,359,339
494,-51,-420,55
14,366,-204,-361
-494,-78,500,72
163,-338,21,332
438,194,-503,-193
-314,265,154,-260
-327,-291,451,286
435,-157,-316,157
168,354,-341,-348
-499,29,440,-27
7,-364,179,359
494,101,-495,-98
-185,330,-3,-328
-428,-215,499,209
339,-257,-179,250
311,305,-441,-296
-448,142,336,-140
-149,-354,317,347
500,-12,-450,16
-35,360,-155,-358
-483,-110,509,110
208,-326,-20,318
415,226,-495,-220
-356,240,194,-236
-293,-313,421,307
459,-126,-356,124
125,358,-297,-353
-506,0,465,-2
56,-356,137,355
484,132,-507,-128
-224,307,43,-306
-400,-245,489,242
372,-222,-221,223
269,324,-413,-318
-474,108,368,-110
-102,-360,281,351
507,20,-471,-18
-78,353,-103,-350
-477,-151,509,141
250,-300,-74,301
385,262,-480,-250
-390,209,242,-206
-246,-334,394,326
481,-91,-390,93
76,363,-256,-353
-507,-35,481,33
105,-350,82,340
471,162,-505,-162
-274,294,98,-287
-375,-272,474,266
408,-195,-268,196
224,339,-383,-336
-483,73,403,-75
-46,-361,234,360
498,56,-485,-54
-130,342,-56,-340
-456,-180,511,177
292,-278,-126,279
354,280,-466,-279
-422,176,290,-176
-202,-339,364,339
496,-56,-419,57
26,363,-212,-360
-502,-74,493,70
156,-339,36,332
442,193,-505,-186
-313,269,143,-262
-333,-289,452,284
434,-167,-308,166
182,356,-345,-349
-500,39,432,-42
-4,-366,190,360
498,93,-497,-88
-171,325,-11,-327
-434,-211,498,208
332,-255,-166,255
312,303,-441,-301
-446,146,330,-146
-157,-353,324,348
502,-21,-445,26
-23,359,-165,-355
-495,-102,504,102
203,-320,-19,320
419,222,-495,-220
-349,239,196,-240
-295,-312,426,300
453,-131,-350,135
136,356,-308,-347
-500,4,459,-5
47,-357,144,353
485,127,-503,-126
-223,315,39,-310
-408,-238,490,232
368,-230,-215,227
271,320,-419,-313
-463,117,367,-113
-107,-366,285,354
502,13,-470,-14
-69,362,-112,-350
-480,-148,509,143
246,-299,-70,296
388,254,-484,-249
-387,210,240,-215
-252,-331,398,327
471,-98,-382,101
87,368,-259,-360
-498,-32,477,32
98,-353,90,349
469,160,-509,-157
-270,295,92,-293
-377,-264,470,261
399,-203,-266,196
232,336,-376,-331
-478,82,398,-83
-58,-368,243,362
502,52,-485,-41
-123,350,-69,-345
-462,-175,513,169
287,-281,-118,281
358,275,-468,-272
-416,180,283,-181
-204,-342,367,336
489,-62,-415,64
32,372,-222,-364
-499,-71,492,67
145,-340,49,335
449,186,-505,-184
-311,271,136,-266
-336,-282,456,275
430,-173,-305,170
186,346,-349,-337
-494,46,428,-45
-15,-359,197,356
498,83,-497,-83
-165,332,-16,-329
-438,-205,503,197
324,-262,-161,260
322,301,-447,-296
-443,152,317,-149
-162,-356,334,350
500,-23,-441,25
-17,366,-176,-357
-489,-107,503,102
189,-325,-5,323
426,217,-502,-217
-344,246,185,-241
-303,-308,437,301
451,-136,-338,135
143,363,-311,-358
-499,8,450,-12
40,-364,148,361
486,120,-506,-118
-218,317,28,-314
-409,-237,495,231
361,-231,-207,233
282,318,-420,-314
-462,120,362,-117
-120,-359,288,355
506,12,-464,-11
-62,355,-122,-345
-481,-141,511,132
239,-305,-59,300
395,249,-490,-241
-382,220,230,-220
-259,-327,403,320
470,-106,-370,104
90,362,-270,-357
-500,-24,470,22
88,-355,96,351
473,156,-507,-148
-262,301,87,-299
-377,-262,478,257
399,-206,-253,203
236,332,-391,-326
-484,86,394,-86
-69,-366,248,357
507,48,-484,-40
-114,349,-77,-346
-460,-171,511,164
279,-287,-108,284
363,266,-469,-259
-410,191,277,-190
-219,-339,374,331
488,-61,-406,68
43,368,-228,-362
-498,-65,493,63
140,-347,47,342
450,185,-506,-184
-303,281,127,-276
-349,-287,462,281
422,-177,-294,175
197,342,-358,-340
-491,53,425,-52
-17,-363,198,356
499,79,-496,-77
-160,342,-26,-332
-441,-201,506,198
314,-268,-150,263
327,295,-452,-287
-437,160,312,-159
-171,-350,340,339
500,-32,-432,36
-7,364,-178,-355
-496,-98,502,94
185,-330,-1,327
431,212,-508,-209
-337,252,176,-252
-308,-304,443,297
448,-142,-333,140
145,360,-319,-354
-503,15,445,-13
32,-364,154,360
491,112,-503,-111
-204,323,23,-314
-416,-229,501,221
355,-242,-199,238
291,317,-427,-315
-459,124,352,-124
-129,-358,297,357
506,6,-458,-4
-58,356,-135,-350
-482,-130,509,126
233,-310,-48,306
395,241,-491,-238
-373,218,224,-217
-268,-321,412,314
470,-100,-369,106
101,359,-276,-351
-503,-27,467,18
79,-353,103,349
477,151,-506,-145
-252,304,75,-298
-389,-259,482,254
393,-213,-248,208
244,336,-398,-332
-477,92,389,-92
-77,-366,259,361
506,43,-474,-34
-105,347,-87,-340
-465,-168,506,158
275,-290,-94,285
368,268,-477,-265
-407,194,267,-195
-221,-337,377,333
481,-72,-399,72
52,368,-231,-359
-504,-57,485,58
124,-346,54,340
462,178,-509,-176
-294,284,126,-280
-349,-280,466,277
420,-186,-292,184
203,349,-361,-345
-492,57,420,-59
-27,-363,213,359
498,72,-489,-68
-153,333,-40,-333
-449,-194,504,190
316,-267,-151,265
336,294,-449,-286
-431,165,309,-163
-177,-353,339,348
495,-39,-428,37
-1,368,-185,-364
-500,-91,500,89
178,-334,7,328
433,207,-500,-204
-335,254,165,-252
-312,-299,444,296
446,-140,-332,142
157,355,-324,-348
-502,16,452,-17
22,-365,165,358
492,111,-505,-109
-197,326,10,-320
-421,-229,507,221
350,-242,-198,237
299,315,-436,-306
-457,133,350,-129
-135,-362,305,352
503,-3,-456,3
-48,363,-141,-355
-485,-126,514,123
220,-317,-44,313
403,236,-495,-234
-366,231,219,-223
-274,-324,416,315
470,-113,-364,113
108,364,-287,-357
-504,-10,468,10
71,-355,116,352
477,139,-511,-136
-246,304,68,-301
-391,-252,483,246
388,-215,-242,214
255,327,-397,-328
-473,97,385,-97
-88,-360,263,357
500,31,-476,-26
-94,350,-93,-346
-465,-156,504,151
265,-298,-90,292
372,261,-473,-259
-399,203,261,-194
-237,-333,388,329
483,-84,-398,82
65,369,-246,-362
-504,-50,480,44
121,-350,72,344
460,173,-505,-167
-285,288,112,-283
-356,-275,468,272
413,-192,-280,188
211,345,-368,-340
-491,61,412,-62
-40,-362,217,357
501,67,-491,-65
-142,342,-44,-335
-446,-189,508,185
306,-273,-137,268
338,290,-455,-284
-427,163,301,-161
-186,-346,345,341
496,-44,-428,43
11,364,-199,-358
-499,-87,506,82
167,-337,20,331
434,207,-509,-202
-323,262,161,-260
-321,-295,443,291
439,-153,-319,152
166,352,-327,-343
-500,22,440,-29
15,-359,176,356
497,104,-505,-94
-191,323,7,-324
-427,-217,501,211
341,-247,-188,245
300,307,-433,-303
-452,135,337,-134
-137,-358,310,354
505,-9,-452,9
-41,360,-145,-356
-489,-118,507,118
216,-316,-32,315
410,234,-491,-232
-359,237,207,-232
-282,-318,419,312
462,-123,-362,120
116,356,-293,-351
-508,-6,464,4
68,-358,125,348
480,137,-508,-130
-239,313,57,-305
-390,-255,493,245
376,-214,-230,217
259,329,-410,-320
-468,101,375,-101
-90,-365,272,355
501,26,-471,-23
-89,354,-100,-348
-477,-153,508,147
262,-301,-88,297
383,255,-479,-254
-397,214,254,-210
-235,-331,392,329
478,-90,-394,86
65,360,-248,-356
-503,-42,486,44
114,-346,76,341
462,167,-510,-163
-278,288,106,-286
-364,-275,469,266
410,-190,-275,188
217,344,-369,-332
-487,71,406,-69
-42,-370,224,359
502,64,-490,-58
-137,345,-50,-338
-453,-189,507,178
300,-274,-128,273
349,287,-464,-281
-426,169,294,-171
-192,-347,362,339
497,-45,-427,50
13,363,-204,-356
-499,-80,496,80
159,-336,27,334
438,204,-506,-198
-318,260,153,-262
-328,-298,452,286
437,-154,-313,155
172,349,-336,-342
-495,26,430,-29
13,-361,180,353
493,103,-498,-96
-187,329,-2,-323
-429,-212,500,208
337,-251,-180,248
309,306,-434,-297
-447,138,333,-141
-148,-358,318,351
502,-15,-446,21
-35,358,-156,-354
-490,-110,508,106
208,-319,-26,313
416,230,-498,-225
-357,238,202,-242
-289,-319,419,312
458,-126,-351,129
123,364,-297,-359
-496,-2,458,8
57,-360,134,355
480,135,-511,-130
-230,309,47,-303
-401,-247,492,239
370,-220,-219,219
268,321,-409,-318
-470,106,371,-107
-101,-355,278,351
507,26,-476,-22
-77,349,-109,-341
-478,-152,513,144
253,-300,-74,294
386,254,-483,-249
-392,210,241,-208
-247,-335,394,326
475,-90,-384,90
81,367,-255,-357
-505,-38,482,38
100,-344,82,344
467,163,-509,-163
-271,290,100,-284
-369,-268,469,266
406,-198,-269,191
222,339,-375,-331
-485,74,403,-73
-49,-361,233,356
501,61,-484,-58
-131,340,-58,-335
-453,-185,509,175
294,-280,-122,277
351,278,-467,-273
-413,181,287,-181
-205,-340,356,337
489,-58,-421,59
24,366,-208,-357
-501,-75,494,72
155,-338,35,333
441,199,-499,-196
-311,264,145,-260
-331,-291,454,284
432,-161,-304,160
183,347,-347,-338
-497,39,429,-42
-6,-361,187,354
500,92,-502,-88
-177,329,-8,-328
-436,-212,504,210
332,-259,-168,254
316,301,-443,-297
-443,148,329,-145
-157,-354,323,350
503,-19,-448,21
-27,369,-164,-364
-495,-108,504,107
204,-329,-9,325
419,221,-500,-220
-350,247,190,-242
-294,-306,431,302
456,-135,-345,134
127,354,-305,-350
-506,3,451,-6
54,-359,140,350
491,127,-509,-124
-221,316,46,-308
-408,-241,493,233
364,-230,-212,230
275,323,-413,-316
-466,112,360,-111
-107,-357,279,354
500,12,-465,-13
-72,357,-114,-351
-479,-147,502,139
243,-307,-61,300
395,259,-483,-251
-387,211,240,-209
-252,-330,397,323
479,-98,-381,100
86,365,-264,-359
-507,-33,476,29
92,-350,93,348
472,163,-509,-157
-265,294,92,-291
-379,-269,476,263
402,-201,-260,197
234,341,-385,-331
-479,79,394,-82
-62,-364,242,356
505,47,-485,-45
-125,347,-69,-343
-462,-178,509,176
291,-280,-113,279
357,279,-464,-276
-419,180,285,-179
-212,-337,369,338
497,-61,-415,58
33,367,-222,-358
-500,-73,487,68
150,-345,43,337
442,195,-503,-188
-308,269,136,-266
-338,-291,456,282
428,-164,-298,160
187,348,-351,-340
-500,44,429,-45
-7,-360,199,353
502,84,-500,-76
-168,329,-19,-324
-439,-203,504,197
327,-260,-163,259
317,298,-445,-294
-440,153,321,-153
-164,-354,334,348
500,-25,-440,25
-15,363,-175,-359
-496,-108,507,104
193,-326,-10,323
427,226,-498,-221
-339,248,182,-242
-302,-311,430,307
452,-141,-342,134
130,359,-311,-350
-502,13,454,-15
41,-359,148,351
489,121,-501,-114
-211,315,34,-311
-410,-236,494,230
363,-235,-209,235
277,320,-423,-312
-460,118,358,-119
-117,-362,297,349
502,10,-463,-6
-63,361,-127,-353
-478,-137,508,130
237,-312,-60,306
395,244,-490,-237
-378,226,229,-217
-262,-323,408,316
469,-105,-374,103
92,362,-271,-355
-506,-30,473,26
90,-352,103,347
473,155,-508,-151
-254,300,81,-291
-383,-265,480,257
394,-204,-251,196
243,332,-386,-326
-482,86,385,-82
-64,-361,246,356
505,44,-485,-42
-114,349,-73,-343
-469,-170,508,162
277,-289,-106,285
364,274,-464,-266
-409,193,274,-191
-212,-344,373,336
487,-70,-409,71
41,363,-229,-357
-504,-61,489,55
141,-339,46,336
453,183,-505,-175
-304,277,135,-277
-344,-283,462,279
422,-175,-293,176
193,347,-359,-341
-491,51,426,-50
-16,-362,199,356
499,78,-500,-75
-165,334,-26,-329
-439,-201,506,192
319,-265,-154,260
330,295,-449,-291
-436,159,318,-157
-170,-350,338,345
499,-33,-436,36
-12,359,-182,-353
-498,-96,501,91
183,-324,-3,324
433,213,-501,-208
-336,254,182,-253
-307,-308,435,300
448,-143,-333,143
148,354,-317,-349
-503,13,449,-17
32,-354,153,356
490,119,-502,-111
-210,321,26,-319
-416,-232,491,225
357,-244,-200,237
290,312,-427,-306
-458,125,355,-124
-124,-355,298,350
505,4,-459,1
-56,357,-129,-351
-485,-130,503,126
231,-308,-49,305
401,243,-493,-240
-376,220,220,-218
-272,-324,415,318
469,-108,-367,106
101,362,-276,-358
-501,-23,470,23
79,-352,109,349
474,151,-511,-144
-246,301,73,-297
-387,-257,484,253
388,-209,-252,205
249,333,-394,-330
-479,91,389,-91
-79,-373,257,360
504,43,-483,-36
-101,352,-83,-345
-465,-161,509,162
272,-289,-97,284
370,265,-472,-261
-406,193,268,-190
-222,-338,378,329
482,-74,-405,76
51,360,-230,-357
-503,-52,482,51
126,-343,61,336
460,180,-509,-176
-295,279,121,-278
-352,-278,466,282
418,-181,-286,181
199,342,-360,-343
-490,53,415,-54
-21,-364,218,357
505,82,-496,-74
-156,335,-40,-329
-449,-196,504,188
311,-270,-147,263
332,293,-452,-286
-427,165,309,-161
-176,-356,346,348
491,-41,-428,41
0,368,-192,-365
-494,-87,499,84
178,-329,11,331
431,211,-500,-204
-334,255,166,-255
-312,-304,439,297
448,-151,-321,145
153,357,-328,-347
-505,18,442,-16
26,-358,165,353
492,108,-504,-106
-200,320,15,-318
-423,-221,494,217
353,-245,-187,239
299,313,-424,-303
-459,128,344,-130
-134,-360,303,352
506,4,-460,6
-42,361,-143,-357
-488,-129,507,121
216,-314,-35,310
407,233,-496,-231
-368,227,215,-227
-275,-318,419,315
467,-113,-364,117
107,367,-282,-361
-504,-17,466,13
73,-362,114,355
482,144,-510,-139
-249,307,71,-303
-395,-250,480,244
384,-213,-240,215
259,323,-400,-320
-471,97,380,-98
-87,-360,271,356
504,35,-478,-34
-92,347,-95,-343
-474,-160,513,157
263,-290,-93,288
376,260,-479,-261
-404,201,262,-201
-228,-335,381,329
486,-81,-392,84
57,363,-240,-354
-507,-48,479,44
124,-348,69,343
460,175,-508,-171
-283,289,114,-284
-362,-281,467,276
414,-186,-279,181
213,346,-369,-338
-490,58,411,-57
-32,-362,221,357
501,70,-492,-68
-147,336,-42,-330
-455,-187,505,182
307,-272,-139,266
340,288,-457,-280
-422,169,303,-169
-185,-349,350,344
488,-44,-422,42
9,369,-198,-357
-493,-83,492,85
168,-338,22,329
438,202,-503,-199
-325,260,162,-261
-321,-298,445,292
439,-157,-317,154
161,355,-332,-346
-495,27,432,-29
15,-365,180,360
496,113,-508,-104
-196,328,5,-323
-427,-225,511,219
344,-249,-188,245
301,305,-438,-300
-448,137,342,-140
-139,-355,310,348
498,-5,-456,10
-40,358,-146,-350
-484,-125,507,117
215,-314,-28,311
410,233,-492,-225
-364,235,207,-232
-279,-315,419,312
463,-117,-359,119
116,358,-292,-355
-504,-12,462,8
62,-358,127,351
480,137,-508,-134
-236,310,53,-308
-395,-247,489,244
378,-219,-232,223
262,324,-401,-323
-471,104,377,-108
-91,-364,266,363
505,27,-476,-24
-90,355,-98,-347
-473,-152,512,151
257,-297,-83,292
380,259,-480,-256
-397,203,250,-204
-238,-334,393,330
482,-84,-392,81
68,362,-250,-361
-499,-47,481,47
111,-349,74,343
460,171,-504,-164
-279,287,108,-284
-362,-273,467,267
410,-183,-278,183
217,342,-371,-332
-486,64,411,-64
-39,-366,225,359
502,64,-490,-60
-146,346,-52,-342
-453,-194,507,181
301,-278,-127,276
347,291,-460,-281
-420,177,298,-177
-194,-349,353,341
490,-54,-422,56
17,365,-203,-356
-494,-76,492,77
159,-331,23,328
440,197,-504,-196
-322,259,160,-259
-331,-295,446,288
440,-157,-316,157
175,346,-337,-345
-495,33,434,-35
6,-359,183,357
496,100,-496,-92
-189,331,-4,-329
-432,-220,500,211
342,-252,-175,251
310,306,-437,-300
-453,145,333,-142
-149,-352,313,350
506,-20,-444,21
-30,361,-153,-357
-492,-117,500,111
206,-321,-22,315
418,231,-493,-227
-356,237,200,-232
-291,-310,422,307
462,-130,-352,122
126,361,-297,-355
-509,-2,455,5
54,-362,134,353
488,133,-506,-128
-225,312,43,-304
-404,-244,491,236
368,-222,-220,219
272,324,-406,-316
-468,103,373,-107
-105,-361,274,359
503,25,-471,-20
-81,355,-108,-353
-477,-153,505,148
253,-300,-72,294
390,258,-482,-253
-388,205,247,-204
-246,-327,393,323
478,-93,-385,92
75,359,-257,-352
-508,-30,475,33
104,-347,89,344
466,161,-511,-158
-269,288,99,-289
-369,-269,473,262
404,-196,-268,195
227,340,-379,-335
-487,73,401,-76
-52,-360,238,357
504,56,-484,-51
-127,342,-62,-337
-458,-186,508,178
292,-280,-119,275
353,288,-466,-283
-423,174,289,-174
-203,-343,360,339
489,-54,-423,60
31,366,-213,-360
-500,-75,497,72
153,-342,36,338
448,197,-507,-195
-312,267,150,-267
-331,-290,453,285
427,-163,-309,165
177,348,-345,-347
-502,41,425,-41
3,-368,191,364
499,90,-496,-91
-178,332,-8,-329
-431,-209,504,208
330,-257,-169,255
314,304,-441,-297
-446,149,330,-147
-153,-352,318,348
497,-22,-450,20
-19,357,-167,-354
-488,-108,506,106
195,-326,-10,319
421,228,-498,-222
-351,244,196,-242
-293,-311,424,305
453,-133,-348,138
132,356,-304,-352
-505,8,456,-7
47,-360,146,355
490,123,-505,-124
-222,317,41,-311
-406,-241,494,234
361,-229,-216,228
277,320,-421,-314
-461,111,360,-117
-111,-360,285,354
503,15,-466,-9
-74,359,-120,-351
-478,-143,511,142
245,-306,-60,300
390,253,-487,-251
-378,216,241,-216
-255,-328,398,325
473,-97,-386,95
84,364,-257,-353
-508,-36,472,33
98,-350,95,344
468,155,-503,-151
-262,294,89,-296
-378,-263,476,255
396,-200,-267,200
239,336,-386,-328
-484,80,396,-76
-61,-364,247,359
505,51,-481,-51
-121,346,-72,-343
-465,-176,511,168
289,-281,-115,282
365,276,-466,-270
-417,185,283,-185
-213,-343,365,338
489,-65,-414,64
38,362,-224,-358
-503,-68,492,63
142,-340,48,335
450,193,-505,-183
-304,275,136,-270
-341,-290,458,282
427,-170,-303,166
190,348,-347,-341
-492,48,425,-44
-13,-366,199,360
501,85,-500,-80
-168,336,-22,-332
-445,-207,509,199
325,-263,-159,256
323,302,-447,-291
-434,152,318,-154
-167,-354,329,350
497,-27,-439,27
-19,366,-173,-362
-487,-108,499,107
196,-327,-3,321
419,226,-496,-216
-346,246,188,-244
-300,-306,432,303
455,-138,-342,140
138,356,-315,-353
-500,6,452,-15
40,-357,146,355
486,123,-505,-116
-218,315,35,-312
-411,-233,494,229
366,-235,-210,233
283,316,-422,-310
-466,116,359,-124
-115,-354,295,352
507,13,-461,-6
-68,351,-126,-352
-482,-140,508,133
235,-307,-55,305
400,248,-489,-239
-375,221,227,-217
-264,-325,406,317
472,-101,-379,100
94,365,-270,-359
-505,-33,474,28
88,-354,104,352
474,154,-509,-144
-260,300,82,-299
-380,-259,480,250
392,-206,-259,207
239,334,-389,-327
-476,80,398,-84
-65,-361,250,354
504,50,-486,-45
-117,344,-77,-342
-466,-168,506,165
279,-288,-103,286
367,268,-470,-264
-408,192,277,-189
-216,-336,377,333
486,-69,-411,69
43,358,-227,-362
-503,-62,490,58
133,-338,51,338
458,182,-506,-176
-301,276,127,-272
-349,-282,460,279
426,-176,-292,173
194,345,-359,-342
-492,56,421,-54
-16,-365,209,358
497,79,-503,-75
-160,337,-28,-331
-442,-207,509,199
319,-264,-153,260
324,299,-446,-291
-434,162,312,-158
-170,-351,336,344
496,-33,-436,37
-7,361,-175,-359
-494,-98,499,94
183,-328,-2,324
428,212,-499,-209
-333,257,179,-250
-311,-304,437,295
447,-145,-339,145
148,357,-317,-349
-498,10,447,-15
31,-359,160,355
489,112,-504,-109
-207,321,23,-316
-418,-225,500,220
355,-243,-200,239
289,317,-429,-311
-457,132,350,-129
-124,-361,302,356
506,-1,-462,2
-58,354,-135,-352
-488,-130,514,124
233,-310,-47,307
402,245,-495,-239
-372,229,218,-225
-268,-328,408,320
466,-109,-367,110
101,362,-273,-355
-507,-23,471,18
81,-352,108,350
474,148,-507,-148
-249,299,71,-298
-381,-254,484,253
390,-208,-248,206
245,329,-397,-320
-479,89,388,-90
-71,-360,254,357
501,40,-474,-38
-106,346,-85,-346
-470,-166,512,160
277,-288,-100,286
369,267,-476,-259
-411,197,267,-195
-221,-336,376,328
486,-76,-403,75
50,366,-237,-356
-506,-57,493,57
132,-348,61,339
458,182,-507,-179
-292,282,122,-277
-352,-281,463,274
418,-181,-293,182
205,343,-361,-340
-495,57,421,-61
-30,-367,210,361
503,78,-491,-75
-153,342,-35,-329
-439,-198,502,190
317,-271,-147,268
328,291,-449,-285
-436,168,313,-167
-180,-350,340,345
493,-41,-432,42
3,365,-189,-361
-491,-92,494,89
176,-327,10,328
436,206,-506,-203
-334,254,175,-252
-315,-298,447,292
446,-150,-330,145
155,355,-326,-349
-501,19,438,-19
25,-361,168,358
492,111,-500,-106
-204,324,13,-321
-416,-228,497,222
347,-240,-194,242
293,315,-423,-306
-455,126,349,-130
-132,-359,301,351
506,-2,-456,2
-50,360,-143,-356
-483,-126,504,123
218,-313,-38,313
407,237,-489,-233
-365,229,216,-230
-278,-318,415,316
468,-114,-363,116
109,363,-290,-358
-505,-17,462,15
72,-358,124,349
478,139,-508,-134
-239,308,63,-301
-391,-252,485,246
376,-214,-236,214
256,333,-399,-326
-471,98,379,-98
-87,-371,269,361
506,31,-482,-30
-94,355,-94,-348
-477,-156,515,154
266,-293,-93,291
378,261,-478,-258
-401,198,261,-197
-232,-335,387,330
484,-77,-398,77
60,366,-245,-359
-508,-49,481,48
123,-350,71,345
462,173,-508,-169
-285,282,113,-281
-356,-271,470,266
411,-185,-279,187
211,339,-367,-336
-490,64,409,-69
-37,-368,221,366
507,65,-494,-63
-148,345,-44,-340
-456,-190,512,185
311,-273,-139,268
339,290,-463,-286
-426,168,304,-165
-185,-346,350,343
495,-45,-429,44
10,367,-195,-358
-505,-90,498,84
171,-332,20,331
441,199,-508,-198
-322,260,162,-258
-326,-287,450,288
438,-158,-324,156
165,350,-329,-349
-497,28,442,-28
16,-364,174,362
492,104,-506,-104
-191,327,5,-325
-430,-218,498,213
342,-246,-183,245
302,308,-431,-303
-450,135,340,-133
-138,-355,315,350
505,-12,-459,13
-40,358,-148,-348
-489,-119,508,115
216,-315,-35,309
412,235,-492,-234
-366,230,210,-232
-285,-319,420,317
461,-121,-363,121
119,364,-291,-357
-501,-10,464,8
64,-358,127,353
485,142,-508,-133
-241,308,56,-302
-397,-252,487,244
378,-219,-229,215
258,327,-404,-322
-468,102,373,-105
-89,-360,271,359
503,26,-474,-24
-90,352,-103,-351
-474,-153,508,152
255,-296,-80,295
383,259,-480,-254
-394,203,256,-202
-236,-334,392,327
480,-89,-397,84
65,368,-248,-359
-504,-44,483,46
115,-348,76,338
463,172,-508,-164
-284,282,103,-276
-366,-272,470,264
410,-185,-271,184
221,337,-375,-333
-486,67,410,-69
-41,-367,232,361
504,65,-494,-63
-140,346,-53,-337
-454,-188,511,185
295,-276,-131,272
348,285,-465,-276
-422,173,299,-176
-199,-348,356,341
497,-50,-424,52
23,367,-208,-358
-505,-84,502,76
162,-337,26,329
447,203,-510,-195
-319,265,156,-263
-327,-294,445,289
431,-160,-307,159
175,356,-339,-348
-504,32,436,-33
4,-365,183,358
500,96,-506,-94
-181,329,-2,-322
-428,-216,508,210
336,-252,-177,249
310,308,-443,-303
-449,142,332,-142
-146,-358,317,352
502,-14,-445,17
-29,362,-155,-353
-495,-118,505,113
205,-315,-22,313
417,231,-496,-228
-354,233,196,-235
-292,-315,424,311
456,-126,-350,125
131,363,-299,-356
-506,-4,461,1
54,-364,133,354
484,135,-510,-126
-225,312,49,-303
-400,-239,492,235
369,-230,-223,224
265,323,-413,-321
-470,111,375,-115
-100,-363,279,360
507,26,-472,-19
-75,351,-111,-346
-478,-147,506,146
251,-304,-70,300
383,253,-481,-252
-391,214,248,-214
-246,-332,393,325
475,-94,-389,90
80,364,-250,-355
-504,-36,478,36
105,-351,81,348
466,165,-509,-156
-273,295,93,-293
-366,-273,476,266
404,-194,-267,194
221,336,-375,-336
-483,75,403,-74
-52,-361,230,354
502,52,-485,-50
-126,347,-62,-336
-458,-184,511,175
295,-280,-122,276
355,285,-461,-278
-424,177,292,-175
-204,-343,357,336
494,-56,-421,57
27,365,-216,-356
-503,-76,491,71
151,-341,35,333
446,197,-502,-190
-311,265,150,-266
-336,-289,453,283
435,-162,-304,166
187,351,-343,-347
-501,43,427,-42
-2,-369,186,362
498,92,-503,-86
-182,330,-8,-328
-436,-212,499,206
335,-257,-169,255
319,305,-438,-298
-441,149,329,-148
-156,-359,330,347
496,-17,-442,25
-25,360,-167,-354
-491,-107,496,99
197,-325,-15,324
424,225,-497,-218
-350,246,189,-243
-297,-314,435,308
460,-130,-345,128
130,357,-310,-353
-501,6,457,-7
45,-364,142,356
484,121,-508,-118
-222,320,42,-311
-408,-241,492,236
364,-227,-217,223
280,321,-413,-314
-462,118,365,-114
-107,-359,289,355
508,13,-463,-13
-73,356,-123,-355
-483,-147,508,141
242,-304,-68,298
390,253,-486,-243
-383,215,241,-212
-254,-332,402,322
476,-94,-382,97
87,360,-274,-353
-507,-36,479,34
98,-345,96,337
470,159,-508,-152
-261,295,92,-295
-377,-263,479,258
392,-205,-258,206
233,339,-391,-332
-478,87,400,-81
-60,-368,242,360
503,45,-485,-46
-124,346,-71,-346
-459,-178,511,169
287,-287,-112,289
359,283,-468,-276
-414,183,285,-185
-211,-339,368,335
490,-59,-414,62
39,367,-224,-363
-501,-68,492,66
140,-348,40,344
446,187,-508,-183
-306,272,139,-269
-337,-284,459,278
429,-170,-300,167
184,353,-346,-347
-494,44,427,-42
-8,-369,196,365
499,89,-493,-87
-171,331,-24,-328
-441,-203,501,194
327,-262,-158,258
321,295,-446,-290
-440,158,318,-154
-163,-357,333,354
498,-22,-442,25
-14,364,-171,-358
-491,-105,506,100
193,-326,-9,323
423,216,-501,-213
-340,249,184,-244
-303,-307,430,299
449,-137,-341,136
139,355,-312,-347
-505,6,455,-10
44,-357,146,353
488,123,-508,-118
-213,316,40,-311
-413,-234,495,229
359,-231,-207,228
284,317,-421,-313
-463,121,364,-123
-117,-363,291,355
504,4,-468,-4
-60,357,-125,-347
-479,-133,501,132
235,-308,-59,304
396,244,-490,-237
-383,224,234,-229
-263,-329,410,320
476,-99,-379,108
92,361,-263,-357
-505,-27,475,25
94,-349,96,346
472,147,-508,-144
-265,302,79,-301
-376,-259,480,254
398,-210,-255,208
236,331,-392,-332
-479,86,397,-81
-70,-363,256,362
503,52,-484,-47
-113,348,-81,-339
-462,-177,508,169
281,-287,-108,278
366,275,-469,-275
-409,192,273,-188
-221,-347,369,340
483,-70,-405,66
44,370,-225,-358
-500,-65,493,63
136,-339,55,337
458,190,-511,-185
-300,268,132,-271
-344,-285,459,280
421,-169,-297,170
188,343,-358,-339
-494,46,425,-50
-16,-360,203,359
508,84,-496,-76
-162,330,-21,-331
-442,-198,501,189
317,-264,-156,264
322,295,-448,-292
-434,157,316,-156
-167,-355,333,349
497,-27,-431,34
-13,358,-179,-353
-494,-97,495,87
186,-326,2,322
427,216,-499,-211
-337,250,181,-248
-306,-313,436,305
451,-139,-335,140
142,360,-316,-353
-499,17,449,-17
32,-362,155,358
487,111,-506,-109
-204,323,23,-316
-417,-226,492,223
358,-242,-197,236
289,316,-423,-307
-456,129,355,-127
-126,-364,297,354
502,-2,-461,2
-58,360,-132,-356
-484,-130,504,124
232,-314,-47,307
404,243,-491,-235
-375,223,225,-220
-268,-316,410,315
470,-107,-371,107
98,358,-277,-352
-510,-23,469,24
79,-354,113,345
483,152,-512,-145
-251,300,71,-294
-388,-259,487,248
388,-206,-247,206
247,333,-392,-328
-476,90,385,-92
-74,-366,256,360
505,40,-476,-34
-105,347,-90,-341
-468,-165,510,155
271,-285,-99,285
367,267,-477,-263
-407,191,266,-190
-226,-341,381,336
486,-74,-397,75
56,369,-237,-360
-503,-55,487,51
130,-347,64,340
457,183,-507,-175
-295,279,120,-272
-353,-280,461,271
419,-176,-285,174
203,341,-364,-338
-496,56,414,-59
-28,-367,213,360
502,71,-492,-66
-152,343,-37,-338
-442,-194,508,190
311,-270,-146,267
334,292,-453,-285
-430,163,314,-160
-179,-348,340,341
497,-40,-437,43
1,364,-190,-360
-501,-88,503,86
175,-332,8,326
435,212,-505,-205
-330,257,174,-255
-313,-304,442,299
442,-151,-325,150
154,352,-322,-348
-497,22,440,-25
25,-364,167,357
489,108,-504,-103
-203,329,8,-323
-422,-222,499,217
353,-245,-189,245
297,312,-431,-304
-454,133,348,-135
-128,-361,310,351
502,-6,-452,3
-49,359,-146,-353
-486,-124,500,124
219,-313,-41,313
409,239,-492,-235
-371,230,214,-227
-273,-319,416,317
466,-117,-357,116
104,359,-284,-360
-502,-11,462,10
74,-359,121,357
477,141,-513,-144
-243,301,66,-298
-391,-250,488,242
387,-208,-244,210
251,323,-400,-312
-476,94,380,-98
-81,-360,264,359
502,36,-476,-34
-97,353,-92,-348
-470,-157,513,152
267,-300,-91,293
373,264,-476,-257
-399,205,263,-202
-228,-337,381,333
482,-83,-400,80
57,363,-243,-360
-503,-50,486,49
122,-346,67,344
459,173,-503,-168
-289,287,117,-285
-362,-276,463,271
418,-184,-281,183
210,342,-371,-337
-484,60,412,-60
-36,-365,217,357
501,68,-490,-65
-143,342,-39,-337
-450,-192,509,191
306,-265,-135,264
338,284,-464,-283
-426,164,299,-169
-192,-346,349,340
496,-48,-426,49
13,364,-194,-358
-500,-80,498,84
169,-335,23,329
440,206,-506,-203
-329,261,160,-260
-324,-301,450,295
440,-154,-324,152
172,353,-334,-346
-503,27,442,-25
11,-360,171,352
495,102,-505,-95
-187,323,6,-322
-421,-215,498,210
337,-255,-180,250
302,312,-431,-306
-452,140,342,-140
-141,-361,316,354
499,-7,-454,13
-37,360,-152,-353
-487,-119,503,115
212,-317,-32,315
414,235,-491,-233
-358,232,208,-235
-281,-323,421,317
461,-121,-359,119
114,367,-291,-355
-504,-10,462,9
62,-360,123,356
481,140,-506,-137
-236,306,52,-307
-400,-245,491,240
379,-219,-232,220
265,321,-403,-314
-470,104,377,-108
-91,-357,271,354
506,27,-471,-23
-89,350,-102,-345
-474,-152,515,146
256,-302,-84,297
377,262,-484,-251
-394,207,250,-210
-239,-336,388,329
483,-84,-391,88
68,362,-249,-358
-510,-45,489,44
115,-343,76,338
470,171,-515,-167
-279,284,112,-281
-367,-274,467,267
413,-185,-279,190
219,336,-367,-331
-491,65,405,-69
-45,-361,227,359
499,58,-488,-63
-137,344,-51,-338
-451,-180,507,178
299,-279,-132,275
345,282,-462,-275
-423,181,296,-177
-196,-350,361,341
496,-53,-423,54
19,366,-206,-358
-497,-81,491,77
158,-335,28,330
442,204,-503,-199
-319,260,153,-257
-328,-290,449,288
438,-162,-320,158
170,348,-334,-346
-498,38,434,-39
2,-369,185,357
496,100,-497,-90
-183,331,-4,-322
-428,-214,499,212
340,-255,-181,252
305,302,-432,-301
-444,143,336,-144
-147,-356,317,352
497,-11,-447,10
-35,364,-160,-358
-485,-116,500,114
209,-319,-20,318
415,228,-494,-224
-354,235,200,-236
-292,-317,428,307
459,-125,-356,127
123,361,-299,-355
-502,-2,461,-2
57,-360,136,353
481,134,-508,-127
-228,314,50,-299
-398,-243,492,235
371,-223,-230,219
266,324,-412,-319
-469,104,371,-106
-97,-364,280,355
506,21,-466,-20
-79,354,-109,-347
-477,-145,506,143
248,-301,-76,298
386,258,-482,-253
-392,210,249,-206
-247,-334,394,330
475,-87,-391,90
78,365,-250,-362
-498,-43,478,35
106,-350,83,347
469,163,-508,-160
-271,289,99,-285
-373,-268,470,268
402,-191,-267,190
223,340,-375,-331
-485,73,401,-79
-52,-365,236,357
501,55,-490,-55
-127,344,-58,-337
-456,-179,509,178
296,-279,-122,276
353,279,-467,-273
-420,179,290,-179
-206,-347,361,338
491,-58,-415,54
27,366,-210,-357
-500,-75,496,70
156,-335,33,334
444,201,-510,-189
-314,266,146,-264
-334,-295,450,287
432,-161,-306,159
179,351,-340,-345
-495,38,426,-38
3,-366,190,358
495,91,-498,-90
-181,330,-11,-327
-435,-209,504,208
330,-256,-166,256
320,304,-439,-298
-443,149,327,-149
-152,-359,317,348
498,-20,-449,23
-28,363,-159,-358
-494,-109,505,104
199,-322,-13,321
424,223,-498,-221
-354,241,195,-237
-292,-305,427,301
453,-138,-349,135
133,359,-306,-350
-500,7,456,-8
45,-358,140,353
486,119,-504,-118
-218,315,41,-309
-403,-232,491,227
365,-234,-220,230
272,322,-414,-317
-470,114,373,-116
-107,-357,283,351
505,16,-467,-10
-69,352,-119,-343
-476,-143,509,139
242,-304,-66,301
393,253,-487,-251
-389,217,237,-217
-253,-331,399,327
474,-105,-381,101
84,366,-263,-359
-502,-30,476,32
94,-350,95,345
473,156,-506,-153
-267,295,86,-294
-375,-263,476,262
398,-201,-257,198
234,340,-387,-334
-482,79,398,-79
-61,-368,246,360
505,50,-485,-46
-119,347,-70,-340
-463,-175,507,172
284,-279,-113,277
361,277,-470,-275
-416,178,280,-184
-209,-346,370,344
486,-61,-410,61
35,372,-220,-361
-500,-66,492,61
143,-345,41,339
451,189,-510,-182
-302,270,137,-271
-337,-288,459,285
427,-165,-297,166
185,352,-350,-344
-496,40,426,-45
-15,-367,196,361
501,89,-495,-82
-166,332,-22,-334
-441,-205,504,199
327,-259,-161,259
319,296,-449,-289
-437,155,322,-153
-164,-355,334,344
499,-27,-440,31
-16,366,-175,-360
-496,-106,505,102
193,-323,-5,317
426,219,-498,-213
-345,246,184,-242
-303,-309,432,301
452,-138,-342,141
146,357,-313,-353
-500,11,450,-10
37,-360,149,351
488,121,-503,-117
-222,318,30,-314
-409,-230,495,229
364,-237,-205,237
283,317,-417,-312
-461,121,360,-122
-118,-364,290,356
507,11,-468,-7
-64,361,-128,-360
-485,-143,510,137
238,-308,-55,305
399,254,-486,-243
-379,217,231,-215
-262,-326,409,320
467,-106,-375,104
89,362,-273,-358
-500,-22,472,25
90,-353,98,351
477,149,-514,-150
-258,297,79,-297
-385,-257,487,254
395,-204,-249,204
239,334,-391,-328
-481,84,390,-86
-69,-364,250,359
508,49,-481,-48
-114,347,-82,-343
-465,-178,511,171
283,-288,-105,286
360,274,-473,-261
-409,193,278,-197
-217,-335,376,330
485,-66,-405,67
45,361,-229,-357
-503,-67,486,66
137,-342,55,337
455,187,-509,-182
-297,277,126,-270
-345,-287,461,279
421,-176,-294,169
194,349,-355,-337
-496,53,422,-55
-19,-365,207,357
504,78,-499,-75
-162,337,-28,-331
-446,-198,508,195
318,-265,-152,263
331,297,-449,-290
-433,155,317,-156
-169,-352,333,347
497,-32,-441,33
-10,362,-177,-359
-495,-94,499,90
189,-329,0,323
426,214,-501,-207
-339,256,182,-248
-306,-309,441,300
448,-141,-338,142
143,355,-320,-353
-504,12,448,-16
35,-363,157,360
487,120,-505,-115
-205,322,25,-318
-408,-233,497,225
352,-238,-201,238
291,318,-424,-312
-461,126,354,-122
-124,-365,298,357
506,7,-460,-9
-65,355,-132,-350
-481,-134,502,127
227,-308,-49,310
400,245,-483,-240
-370,226,221,-223
-267,-325,409,322
474,-108,-371,107
104,364,-282,-355
-509,-25,469,18
79,-352,110,345
471,144,-506,-140
-254,301,73,-298
-380,-254,487,249
390,-213,-245,215
247,335,-399,-329
-475,92,392,-96
-76,-365,253,357
502,41,-483,-37
-103,349,-84,-342
-470,-165,510,160
269,-292,-99,286
372,269,-476,-262
-402,195,274,-192
-224,-340,378,334
481,-74,-403,75
50,369,-236,-361
-503,-56,481,55
132,-347,62,338
457,182,-510,-175
-293,278,123,-279
-352,-279,469,271
415,-189,-284,187
203,350,-357,-343
-489,62,411,-57
-23,-367,210,363
503,73,-494,-73
-156,334,-38,-335
-452,-194,508,190
312,-266,-148,265
334,292,-455,-286
-428,163,311,-161
-177,-352,343,347
496,-34,-431,38
-1,365,-190,-363
-496,-95,504,92
177,-326,6,326
432,211,-504,-206
-331,249,174,-251
-317,-305,438,299
446,-141,-327,144
157,353,-325,-351
-497,20,447,-24
18,-364,164,355
492,107,-502,-101
-198,326,19,-319
-420,-223,492,219
350,-242,-195,240
298,309,-424,-306
-451,133,347,-133
-140,-361,299,355
505,-2,-457,5
-48,364,-137,-358
-489,-128,507,127
223,-316,-37,308
408,237,-493,-232
-372,228,214,-227
-273,-316,412,311
469,-117,-362,117
106,361,-283,-356
-503,-16,466,16
73,-358,115,349
482,146,-509,-139
-249,308,65,-300
-393,-252,483,242
383,-215,-235,212
252,331,-398,-324
-470,98,380,-93
-84,-364,262,358
507,25,-472,-27
-95,349,-93,-346
-468,-155,509,148
261,-296,-88,291
370,267,-484,-256
-398,205,258,-198
-234,-337,388,330
483,-84,-395,84
61,369,-241,-367
-502,-50,483,50
119,-347,70,342
457,179,-510,-175
-283,278,110,-274
-358,-278,468,271
415,-186,-281,187
213,347,-368,-341
-492,61,416,-62
-37,-367,225,361
502,68,-491,-68
-144,338,-48,-336
-450,-185,504,180
308,-272,-133,274
341,289,-456,-281
-431,171,298,-169
-185,-351,349,345
498,-44,-429,42
7,364,-200,-359
-501,-87,501,84
171,-336,21,330
437,203,-504,-202
-328,259,159,-258
-317,-293,446,289
438,-152,-316,152
163,350,-331,-341
-494,31,438,-32
11,-363,175,355
495,100,-503,-98
-193,324,6,-321
-426,-214,497,212
349,-248,-186,248
298,306,-435,-301
-455,138,340,-140
-137,-358,315,351
504,-8,-454,11
-39,360,-146,-355
-486,-120,507,115
213,-323,-32,318
408,237,-495,-227
-364,233,211,-232
-278,-316,416,307
462,-121,-363,117
120,358,-287,-352
-498,-6,465,9
56,-359,123,354
478,140,-505,-135
-241,308,54,-305
-397,-246,487,240
384,-219,-229,223
267,326,-404,-323
-470,100,375,-103
-97,-366,268,362
506,31,-469,-31
-90,353,-100,-348
-472,-158,503,152
261,-295,-81,292
374,263,-478,-253
-400,201,255,-199
-236,-337,391,330
485,-82,-395,78
69,366,-251,-363
-507,-46,484,48
114,-349,78,345
467,171,-508,-167
-280,288,101,-283
-361,-276,466,269
407,-191,-271,187
217,341,-371,-339
-486,70,410,-70
-49,-367,223,365
503,63,-486,-57
-138,348,-54,-343
-454,-184,508,182
301,-283,-124,277
346,288,-463,-281
-419,177,297,-177
-195,-348,352,340
493,-52,-424,54
21,365,-203,-357
-501,-84,497,77
160,-335,21,329
442,200,-506,-192
-320,263,153,-264
-329,-287,451,289
436,-164,-308,160
169,350,-338,-349
-497,32,436,-34
7,-361,179,356
493,97,-503,-92
-184,326,-3,-321
-431,-216,505,210
344,-247,-175,246
311,305,-441,-299
-445,139,332,-138
-149,-352,318,345
497,-13,-444,15
-30,360,-160,-351
-486,-118,503,108
204,-320,-23,318
409,233,-498,-222
-354,237,208,-241
-290,-315,424,308
463,-123,-355,127
127,357,-300,-350
-509,-8,461,6
53,-356,133,350
487,135,-508,-128
-223,309,51,-308
-402,-243,489,236
372,-225,-221,223
267,326,-413,-318
-467,110,372,-112
-104,-362,276,357
503,19,-469,-18
-78,348,-110,-348
-479,-145,508,140
253,-298,-70,296
383,255,-483,-245
-389,211,245,-207
-245,-332,397,327
482,-90,-382,87
78,365,-262,-357
-506,-42,479,39
105,-353,81,343
462,166,-512,-156
-268,288,99,-290
-372,-267,477,259
400,-191,-268,194
227,339,-379,-332
-486,75,404,-74
-50,-365,227,361
504,54,-483,-50
-124,345,-58,-344
-453,-180,508,173
293,-286,-118,282
345,286,-467,-278
-423,182,293,-177
-202,-345,362,340
491,-54,-423,54
30,362,-213,-361
-501,-77,490,69
151,-342,37,339
451,195,-502,-190
-310,274,149,-266
-338,-290,449,288
431,-166,-312,162
175,352,-339,-346
-497,35,432,-41
3,-364,187,358
501,92,-501,-91
-175,331,-7,-328
-436,-215,503,214
328,-253,-170,249
317,305,-441,-298
-446,144,326,-140
-157,-350,327,344
501,-16,-445,19
-26,360,-165,-355
-491,-109,501,105
203,-325,-20,322
419,224,-499,-220
-350,239,197,-242
-293,-311,431,305
453,-130,-345,132
132,359,-303,-349
-505,4,457,-8
49,-358,138,354
492,129,-507,-123
-226,309,42,-310
-408,-237,488,233
372,-223,-216,224
272,320,-416,-315
-469,106,367,-110
-109,-362,285,360
507,20,-463,-19
-70,356,-119,-351
-480,-144,507,146
240,-307,-65,297
394,254,-490,-249
-381,210,241,-212
-258,-326,403,319
476,-95,-381,98
82,359,-264,-356
-503,-31,477,31
97,-349,91,351
468,162,-508,-155
-265,291,90,-291
-373,-265,475,257
403,-202,-258,197
226,340,-383,-329
-480,83,397,-85
-57,-368,243,361
502,47,-486,-45
-120,347,-71,-345
-465,-171,509,168
287,-287,-116,283
359,276,-467,-267
-416,186,283,-181
-205,-344,364,338
491,-60,-408,60
34,363,-219,-363
-504,-64,488,67
142,-343,51,335
452,192,-507,-187
-302,278,133,-270
-342,-295,453,284
427,-171,-299,170
185,351,-347,-348
-495,43,427,-43
-8,-368,191,360
497,90,-501,-84
-166,332,-12,-323
-440,-203,501,196
326,-257,-160,257
323,297,-442,-291
-443,152,325,-150
-162,-355,326,350
501,-20,-442,20
-16,363,-170,-360
-494,-111,502,102
189,-327,-8,326
428,223,-501,-220
-345,246,186,-244
-307,-309,432,308
452,-133,-340,133
144,357,-317,-351
-501,9,456,-7
38,-356,148,351
492,118,-505,-116
-218,312,38,-309
-411,-237,493,226
365,-229,-208,227
279,319,-424,-310
-461,120,361,-117
-117,-363,291,359
508,9,-465,-8
-65,362,-128,-360
-485,-137,509,135
234,-308,-55,305
393,248,-486,-243
-376,216,238,-216
-258,-328,401,322
474,-101,-377,103
92,362,-273,-355
-506,-26,468,24
90,-351,102,346
475,151,-506,-150
-257,301,81,-296
-385,-263,483,257
392,-205,-256,204
235,334,-391,-331
-477,87,396,-88
-67,-367,248,360
507,43,-479,-43
-106,348,-81,-339
-464,-168,510,164
275,-286,-103,283
359,273,-471,-264
-410,192,277,-190
-216,-341,374,331
490,-68,-408,71
46,361,-232,-357
-503,-63,484,59
132,-346,52,340
453,188,-506,-183
-297,275,137,-274
-344,-283,463,275
421,-174,-295,175
197,345,-358,-338
-492,51,417,-52
-23,-364,203,357
501,83,-492,-74
-166,336,-24,-328
-443,-203,502,195
325,-262,-155,260
327,294,-453,-292
-433,156,318,-158
-170,-351,337,344
497,-33,-439,33
-7,364,-174,-355
-496,-98,501,96
182,-327,0,324
430,217,-502,-213
-341,250,175,-247
-302,-306,440,303
451,-141,-337,140
143,357,-317,-351
-501,16,448,-21
29,-362,157,355
490,114,-505,-106
-207,314,25,-312
-412,-228,494,222
355,-236,-206,236
288,316,-417,-311
-459,130,349,-128
-130,-362,299,354
502,-1,-457,2
-51,360,-134,-354
-484,-130,511,127
229,-311,-50,303
405,241,-491,-239
-372,224,221,-218
-268,-326,407,322
466,-110,-369,114
102,370,-282,-361
-508,-21,474,20
87,-351,112,343
472,146,-510,-144
-258,300,77,-294
-376,-256,479,246
388,-212,-248,207
247,334,-395,-325
-481,91,393,-88
-76,-367,252,358
504,38,-484,-35
-103,352,-79,-344
-466,-168,513,159
273,-291,-99,285
367,270,-477,-263
-406,196,271,-192
-224,-337,373,334
487,-76,-401,74
51,366,-234,-364
-507,-56,486,57
130,-346,58,342
460,180,-510,-177
-292,282,127,-278
-355,-278,460,273
419,-184,-286,181
202,346,-358,-339
-492,53,424,-56
-26,-368,208,361
503,81,-501,-74
-154,338,-34,-332
-444,-196,503,190
311,-265,-140,263
332,291,-455,-286
-432,164,308,-163
-177,-349,346,341
498,-39,-432,40
1,358,-185,-353
-495,-93,490,89
176,-327,7,328
436,210,-505,-210
-332,254,174,-254
-319,-303,448,297
447,-146,-325,148
153,359,-326,-351
-500,18,441,-22
24,-363,165,356
489,108,-504,-104
-193,326,18,-318
-420,-228,498,219
345,-247,-192,242
296,318,-430,-311
-458,131,344,-131
-131,-357,305,355
502,-6,-455,7
-47,361,-142,-356
-482,-123,506,119
223,-317,-39,311
408,236,-492,-231
-374,228,213,-228
-276,-321,417,315
463,-115,-363,114
112,364,-288,-356
-502,-11,468,13
68,-354,121,350
481,140,-506,-140
-239,302,60,-297
-390,-256,484,245
381,-212,-236,209
253,330,-400,-319
-473,95,379,-98
-88,-362,262,363
502,34,-473,-35
-92,355,-93,-347
-473,-158,509,156
264,-295,-91,289
375,261,-475,-258
-396,194,263,-198
-230,-330,383,328
483,-81,-396,83
55,362,-244,-360
-503,-48,482,46
122,-351,69,348
459,178,-508,-174
-286,285,112,-279
-356,-277,471,273
417,-184,-276,179
206,347,-372,-338
-489,60,412,-57
-37,-365,218,357
505,71,-488,-68
-145,336,-43,-331
-451,-191,507,183
308,-275,-136,268
342,287,-462,-284
-429,170,305,-167
-189,-346,350,341
496,-43,-429,48
7,366,-197,-357
-497,-86,495,80
169,-338,20,337
440,203,-502,-206
-325,262,162,-259
-322,-294,447,292
442,-153,-323,155
162,351,-334,-345
-499,22,440,-32
16,-359,174,357
495,107,-503,-98
-191,326,10,-324
-427,-223,504,214
344,-246,-190,247
301,309,-435,-304
-452,136,339,-136
-139,-360,314,350
498,-7,-447,8
-37,363,-150,-354
-491,-126,504,118
215,-313,-39,312
411,232,-496,-225
-363,232,209,-229
-277,-316,422,315
462,-119,-354,117
118,364,-295,-360
-504,-9,463,9
64,-357,127,350
480,134,-509,-134
-241,306,59,-303
-395,-244,490,240
379,-221,-235,220
261,322,-404,-320
-469,104,377,-99
-93,-365,266,363
503,32,-474,-39
-86,357,-100,-348
-471,-154,512,152
255,-301,-83,293
379,264,-477,-258
-394,206,253,-206
-237,-342,383,337
482,-88,-388,90
68,368,-248,-360
-508,-41,478,41
116,-351,82,346
463,170,-509,-166
-289,290,108,-289
-364,-273,469,264
414,-190,-279,189
225,342,-369,-336
-485,67,405,-65
-45,-367,230,361
504,62,-491,-60
-137,340,-54,-334
-461,-184,508,183
295,-273,-124,269
347,286,-460,-282
-421,173,292,-172
-189,-349,357,341
496,-48,-426,49
15,362,-204,-358
-500,-77,491,77
162,-338,30,336
439,199,-504,-194
-319,265,154,-261
-328,-299,451,287
437,-154,-315,152
168,351,-337,-343
-499,33,433,-31
11,-363,183,358
494,99,-500,-99
-181,330,-1,-324
-430,-217,500,213
339,-257,-177,254
310,304,-440,-298
-449,146,335,-145
-149,-356,318,349
494,-13,-449,12
-31,358,-157,-356
-488,-117,508,116
207,-324,-20,318
417,235,-499,-227
-355,245,199,-239
-288,-315,421,312
461,-122,-353,126
123,355,-296,-351
-504,-9,460,1
56,-358,133,350
481,131,-507,-125
-230,312,49,-307
-403,-241,491,235
373,-227,-225,223
268,327,-414,-318
-461,106,372,-109
-103,-361,276,356
504,22,-470,-19
-83,355,-102,-347
-473,-145,503,146
255,-305,-70,297
384,254,-484,-250
-388,211,240,-211
-248,-329,402,327
474,-93,-388,88
72,367,-254,-359
-502,-40,472,41
104,-353,92,346
470,164,-504,-161
-267,296,89,-292
-370,-266,477,264
399,-199,-271,195
225,337,-376,-329
-483,69,401,-70
-49,-362,225,351
503,62,-486,-56
-132,343,-55,-335
-457,-183,514,174
293,-280,-121,278
351,283,-464,-276
-415,180,287,-181
-200,-348,363,343
488,-55,-420,57
25,364,-215,-363
-503,-74,495,72
157,-339,30,334
448,197,-507,-195
-314,265,149,-262
-333,-292,456,285
432,-160,-304,163
180,346,-343,-342
-495,42,433,-43
-8,-360,187,358
494,94,-503,-89
-173,327,-9,-326
-431,-218,498,211
333,-254,-172,256
313,307,-441,-301
-442,148,333,-147
-157,-358,331,345
500,-19,-442,20
-19,366,-168,-358
-491,-115,502,110
192,-322,-18,320
418,227,-502,-222
-346,240,197,-240
-296,-308,426,304
453,-128,-343,131
134,351,-303,-349
-503,3,454,-5
49,-358,140,355
491,124,-510,-121
-223,319,45,-319
-407,-241,497,235
366,-231,-219,231
274,321,-420,-310
-465,120,366,-118
-112,-362,288,353
504,10,-466,-11
-70,357,-115,-353
-478,-142,511,142
245,-305,-71,297
389,251,-487,-248
-383,219,238,-213
-251,-328,402,323
471,-97,-379,102
83,362,-267,-358
-506,-33,478,29
103,-351,92,346
475,158,-514,-156
-269,291,91,-287
-374,-264,478,258
397,-201,-254,199
227,341,-385,-332
-483,81,394,-82
-60,-370,246,365
504,55,-487,-50
-117,346,-68,-345
-457,-175,509,165
284,-283,-118,284
356,271,-465,-266
-415,187,281,-191
-208,-340,361,337
491,-64,-410,66
32,362,-216,-358
-499,-68,494,68
142,-336,45,335
449,191,-508,-187
-303,271,135,-268
-342,-286,455,282
424,-169,-305,165
188,347,-349,-344
-493,38,430,-43
-8,-363,198,358
504,89,-498,-81
-175,329,-16,-326
-437,-201,500,194
323,-260,-160,259
319,298,-443,-288
-437,156,321,-156
-165,-350,333,345
498,-27,-448,28
-12,358,-173,-358
-496,-100,505,101
191,-326,-6,322
426,216,-498,-214
-345,247,182,-243
-299,-312,431,303
450,-131,-339,131
142,356,-309,-349
-502,8,456,-10
36,-359,149,356
485,120,-509,-115
-209,321,31,-318
-407,-239,494,232
361,-233,-207,234
279,315,-419,-311
-463,125,355,-126
-119,-360,291,354
504,4,-460,-3
-62,360,-125,-354
-478,-140,508,135
232,-307,-60,308
394,247,-487,-242
-373,223,234,-222
-257,-323,401,318
470,-103,-378,104
86,358,-265,-358
-504,-29,472,26
86,-352,100,350
477,153,-511,-145
-257,300,80,-296
-385,-260,483,251
394,-203,-254,204
239,334,-386,-328
-473,84,392,-86
-67,-366,246,356
502,46,-478,-36
-115,347,-76,-342
-467,-167,505,160
280,-287,-105,283
364,273,-472,-269
-408,190,279,-188
-216,-344,373,336
487,-64,-413,67
42,365,-224,-360
-503,-66,491,65
135,-341,53,336
453,183,-510,-179
-298,276,132,-272
-344,-285,463,280
422,-176,-299,169
193,354,-355,-344
-490,50,418,-50
-18,-366,204,359
502,83,-493,-75
-165,334,-26,-328
-445,-200,505,194
323,-266,-152,261
328,294,-449,-288
-438,152,313,-159
-169,-353,339,347
501,-26,-437,30
-12,368,-184,-361
-495,-92,503,98
184,-338,5,329
429,215,-507,-209
-337,253,178,-252
-312,-304,441,297
446,-141,-335,145
153,353,-319,-352
-499,12,451,-14
27,-361,157,356
489,118,-508,-116
-209,323,23,-317
-409,-230,496,227
357,-242,-200,236
287,312,-427,-305
-459,123,355,-126
-128,-356,299,351
504,3,-461,-1
-56,356,-130,-352
-482,-125,511,127
231,-309,-47,306
399,244,-494,-236
-374,223,221,-225
-268,-331,410,320
469,-108,-370,110
100,363,-276,-357
-504,-18,466,16
83,-358,110,352
475,151,-507,-145
-256,306,73,-300
-385,-263,486,254
395,-209,-251,206
244,333,-396,-324
-485,89,389,-86
-71,-361,254,355
508,42,-479,-37
-107,352,-83,-349
-464,-171,510,160
275,-292,-100,289
369,268,-470,-261
-410,191,269,-193
-225,-339,379,331
485,-73,-406,79
52,373,-235,-362
-505,-53,482,51
129,-347,60,342
461,180,-504,-173
-296,277,122,-277
-351,-280,467,272
422,-182,-293,178
197,344,-362,-338
-489,52,421,-54
-23,-362,216,356
499,80,-496,-74
-153,336,-37,-332
-445,-191,508,190
310,-275,-146,269
331,291,-454,-290
-427,162,307,-161
-183,-351,343,347
497,-32,-434,37
6,364,-188,-357
-500,-91,503,85
178,-330,11,327
431,203,-501,-204
-332,258,168,-253
-316,-301,443,299
446,-146,-332,142
159,355,-322,-350
-502,18,444,-20
24,-359,162,356
493,108,-501,-102
-200,326,14,-318
-424,-228,500,217
348,-245,-187,243
299,312,-433,-308
-452,130,344,-130
-137,-357,306,354
505,-3,-454,1
-48,363,-145,-357
-490,-131,503,126
223,-314,-39,313
404,238,-490,-232
-366,230,219,-229
-270,-318,416,309
464,-119,-365,119
105,367,-285,-357
-501,-17,467,14
72,-358,116,354
479,145,-510,-145
-240,297,68,-297
-395,-248,485,245
386,-213,-245,213
256,326,-396,-316
-478,102,384,-105
-85,-365,260,358
498,34,-475,-30
-95,348,-92,-346
-467,-156,513,156
264,-295,-91,288
379,265,-478,-256
-402,204,264,-196
-234,-337,384,326
481,-82,-399,80
61,358,-243,-355
-504,-50,477,49
124,-344,72,340
463,179,-511,-176
-291,281,115,-277
-356,-277,473,272
416,-182,-280,182
208,339,-369,-336
-491,68,413,-66
-35,-365,222,360
499,67,-491,-66
-145,338,-44,-333
-447,-189,505,189
304,-273,-140,268
344,287,-459,-284
-424,170,305,-168
-190,-349,347,339
497,-43,-426,44
9,363,-195,-357
-500,-86,501,83
168,-330,15,330
434,207,-507,-200
-323,257,168,-259
-319,-301,447,295
437,-150,-324,154
161,351,-329,-351
-499,28,437,-25
21,-362,173,352
492,100,-501,-103
-192,331,2,-317
-425,-221,500,219
348,-252,-183,247
300,310,-432,-305
-454,139,342,-138
-138,-355,313,347
499,-12,-456,12
-41,360,-148,-352
-489,-116,508,115
216,-318,-33,313
413,234,-493,-230
-360,230,204,-227
-282,-318,421,311
465,-121,-359,119
116,362,-291,-355
-506,-11,464,8
64,-357,127,355
481,141,-505,-139
-236,307,50,-305
-395,-248,486,245
375,-220,-228,214
260,325,-404,-319
-472,104,377,-101
-93,-366,271,360
507,27,-473,-25
-87,357,-102,-350
-470,-156,505,151
259,-299,-81,296
378,262,-478,-252
-400,207,255,-209
-236,-332,391,324
482,-88,-393,85
68,361,-247,-357
-503,-45,481,45
108,-350,76,342
465,170,-510,-164
-281,290,107,-284
-363,-274,471,271
413,-190,-275,190
222,345,-376,-340
-488,66,407,-70
-46,-362,227,357
504,60,-488,-55
-140,343,-47,-340
-455,-185,504,183
298,-277,-133,273
348,289,-465,-286
-421,164,297,-165
-197,-346,362,339
493,-48,-420,48
21,367,-204,-360
-502,-79,492,82
158,-336,29,332
443,202,-506,-198
-317,262,150,-256
-329,-296,454,287
437,-158,-316,152
176,349,-339,-343
-499,30,436,-32
3,-362,182,359
497,99,-503,-97
-187,330,-5,-326
-429,-217,504,211
341,-250,-175,247
309,305,-435,-295
-449,143,336,-146
-149,-356,317,355
504,-12,-453,16
-33,359,-161,-355
-487,-120,508,111
205,-317,-21,315
415,233,-496,-224
-355,235,202,-238
-290,-314,426,309
460,-126,-353,124
121,361,-295,-350
-501,0,456,0
55,-360,131,354
487,129,-510,-129
-227,312,45,-310
-403,-242,493,242
374,-224,-223,222
265,322,-409,-317
-472,110,373,-111
-105,-359,279,354
509,15,-466,-18
-77,354,-114,-350
-473,-152,506,149
253,-299,-75,300
383,261,-485,-252
-390,210,251,-211
-249,-328,396,323
475,-90,-383,94
80,359,-262,-358
-504,-41,477,37
104,-352,84,348
466,167,-511,-160
-272,292,97,-293
-364,-273,478,265
403,-191,-267,193
227,340,-378,-334
-488,70,405,-73
-52,-363,234,361
502,59,-482,-52
-127,343,-67,-339
-456,-179,507,172
290,-281,-121,278
355,278,-467,-273
-421,185,290,-186
-206,-346,367,337
491,-59,-420,58
32,363,-215,-355
-501,-73,495,78
154,-335,35,330
443,192,-509,-193
-311,270,150,-264
-335,-290,457,285
428,-167,-313,163
185,353,-344,-344
-497,40,433,-39
-1,-366,193,359
499,94,-504,-90
-179,333,-13,-327
-430,-213,504,206
331,-261,-165,256
313,302,-443,-298
-449,152,326,-151
-163,-354,330,350
504,-19,-446,19
-20,358,-171,-352
-490,-111,503,108
201,-319,-12,317
420,221,-497,-214
-351,245,193,-246
-298,-310,431,305
457,-131,-343,133
135,361,-307,-353
-504,3,452,-8
45,-363,144,353
486,123,-507,-119
-219,315,36,-313
-408,-240,490,237
366,-231,-218,230
278,324,-410,-315
-463,121,365,-123
-113,-365,289,358
503,13,-465,-10
-70,358,-118,-350
-478,-145,507,139
241,-306,-69,300
395,252,-486,-247
-380,217,239,-217
-259,-327,399,327
474,-100,-382,101
86,364,-258,-359
-507,-33,477,31
93,-348,94,343
472,157,-509,-154
-262,293,87,-293
-376,-265,476,262
399,-202,-260,202
236,337,-384,-333
-481,82,395,-84
-63,-362,242,357
498,52,-484,-48
-123,345,-75,-343
-455,-179,509,177
290,-284,-109,280
361,279,-468,-270
-420,183,287,-184
-212,-341,370,334
494,-59,-416,60
32,364,-222,-360
-505,-67,487,67
147,-341,49,336
453,190,-509,-185
-306,275,134,-270
-343,-291,463,287
424,-168,-305,169
191,348,-354,-349
-491,42,435,-45
-6,-361,198,358
494,81,-497,-83
-171,332,-18,-322
-438,-203,499,197
322,-254,-158,252
327,295,-449,-286
-439,154,318,-151
-170,-351,329,344
502,-30,-436,26
-17,365,-173,-360
-493,-104,504,99
195,-329,-7,329
422,218,-503,-211
-340,251,187,-253
-305,-306,435,300
450,-142,-341,141
141,356,-313,-353
-499,9,453,-8
42,-361,149,354
484,123,-508,-118
-217,319,33,-313
-412,-231,499,228
363,-231,-209,232
283,317,-423,-314
-461,113,359,-115
-116,-359,293,354
506,9,-465,-7
-66,356,-123,-356
-485,-135,499,130
237,-313,-56,312
398,252,-481,-245
-374,220,231,-221
-261,-327,408,324
465,-103,-378,103
93,368,-271,-359
-503,-26,472,30
88,-364,104,347
473,152,-506,-152
-261,303,79,-298
-377,-260,477,257
395,-203,-254,205
241,336,-388,-326
-480,84,392,-86
-70,-367,251,350
505,42,-479,-42
-114,351,-82,-341
-465,-170,506,168
279,-292,-104,289
360,278,-469,-270
-407,191,276,-188
-216,-338,370,335
487,-69,-401,66
41,359,-227,-358
-502,-57,485,58
139,-344,55,338
454,182,-510,-176
-300,281,135,-276
-348,-281,459,270
424,-178,-300,178
199,348,-356,-337
-494,50,418,-53
-26,-369,207,363
509,84,-496,-78
-160,333,-24,-333
-447,-198,507,198
315,-267,-153,262
328,296,-451,-292
-433,162,316,-162
-171,-355,338,348
502,-34,-436,36
-6,367,-184,-360
-503,-94,499,92
184,-336,11,329
434,215,-503,-208
-336,255,176,-252
-314,-302,436,295
443,-144,-335,147
155,351,-320,-349
-502,15,445,-18
28,-358,158,358
491,116,-501,-118
-202,319,25,-312
-414,-232,500,226
351,-239,-194,235
289,315,-432,-308
-459,129,348,-131
-124,-355,301,352
506,-2,-463,2
-58,355,-138,-351
-484,-130,509,128
228,-312,-47,307
404,244,-492,-241
-377,227,226,-220
-271,-322,414,316
472,-110,-373,109
104,357,-276,-353
-499,-18,471,16
74,-355,110,347
474,148,-508,-142
-249,306,70,-297
-386,-260,480,253
389,-213,-246,209
247,335,-396,-324
-478,91,388,-95
-78,-363,257,353
504,41,-476,-33
-102,350,-83,-345
-467,-170,510,161
270,-293,-100,289
371,272,-474,-260
-402,197,269,-193
-225,-334,372,329
484,-77,-399,72
52,359,-233,-357
-504,-55,489,56
127,-342,55,339
459,179,-508,-174
-287,284,121,-277
-353,-282,465,276
417,-180,-285,176
196,344,-362,-344
-494,59,422,-57
-27,-365,206,362
504,76,-499,-71
-149,334,-33,-331
-447,-200,508,189
314,-267,-146,267
333,293,-451,-285
-433,170,308,-170
-180,-354,344,347
497,-39,-437,44
6,366,-187,-358
-498,-90,500,82
178,-332,7,324
432,210,-498,-205
-338,253,170,-249
-312,-299,444,296
444,-146,-329,149
156,352,-324,-347
-499,19,447,-25
23,-361,164,358
495,110,-503,-110
-198,322,11,-321
-423,-224,500,220
346,-243,-190,240
292,311,-432,-305
-453,130,351,-127
-128,-358,300,354
504,0,-461,2
-46,356,-139,-351
-488,-125,505,117
224,-312,-34,312
403,235,-496,-234
-369,231,214,-229
-275,-320,418,319
466,-115,-362,115
112,360,-281,-354
-505,-15,463,10
72,-355,116,346
480,143,-512,-136
-242,305,63,-301
-396,-254,487,246
383,-215,-238,212
256,331,-401,-326
-475,98,386,-95
-83,-364,262,358
504,33,-477,-25
-97,352,-91,-348
-469,-162,506,153
268,-298,-88,295
376,266,-473,-264
-401,203,259,-200
-233,-338,382,331
483,-81,-396,83
60,371,-242,-358
-509,-51,489,46
122,-351,68,346
464,174,-512,-168
-285,285,112,-288
-357,-273,467,268
409,-185,-282,187
211,334,-368,-329
-488,66,416,-68
-37,-360,224,354
504,67,-492,-62
-145,347,-46,-341
-448,-196,505,191
302,-274,-137,271
341,284,-458,-284
-428,169,297,-167
-187,-347,350,342
499,-45,-426,45
7,366,-195,-361
-502,-84,502,82
167,-328,23,329
442,203,-505,-199
-325,257,159,-254
-321,-296,444,291
443,-151,-327,150
165,344,-332,-345
-504,28,444,-30
15,-361,177,360
495,99,-503,-97
-194,329,4,-325
-422,-221,497,217
344,-242,-180,242
303,311,-433,-305
-453,135,340,-133
-140,-358,316,354
502,-13,-455,12
-39,360,-153,-358
-488,-121,506,115
209,-315,-39,313
411,232,-493,-224
-357,235,216,-235
-280,-316,417,309
461,-121,-355,126
117,363,-295,-357
-506,-9,462,9
67,-357,125,351
482,132,-509,-135
-240,310,58,-303
-396,-246,491,240
377,-221,-231,219
265,326,-406,-317
-472,104,374,-103
-91,-364,268,357
507,27,-473,-26
-88,354,-98,-350
-477,-155,512,150
255,-295,-84,292
382,261,-478,-250
-395,202,256,-203
-238,-333,387,328
479,-84,-397,88
71,365,-248,-363
-509,-46,477,42
111,-348,78,339
467,169,-506,-164
-275,287,106,-285
-360,-273,477,266
405,-194,-276,196
220,343,-382,-334
-493,67,409,-66
-45,-361,232,353
508,68,-487,-64
-139,341,-50,-331
-456,-189,504,182
300,-279,-132,276
349,286,-461,-282
-419,174,296,-179
-193,-348,355,342
486,-45,-425,51
19,364,-202,-357
-494,-85,497,77
154,-336,26,334
440,202,-507,-197
-319,266,152,-266
-326,-295,454,293
440,-159,-314,158
171,349,-340,-342
-495,31,436,-35
6,-362,183,354
491,98,-501,-95
-185,328,-2,-323
-427,-208,501,207
339,-253,-177,249
309,297,-437,-292
-451,148,331,-145
-151,-355,320,350
506,-17,-450,18
-32,365,-155,-359
-489,-115,510,115
204,-322,-26,316
415,228,-500,-228
-354,236,201,-237
-287,-312,426,304
460,-128,-355,131
126,364,-300,-352
-504,-3,459,-1
54,-361,140,355
484,132,-508,-126
-230,314,46,-310
-401,-241,492,240
370,-231,-226,227
271,324,-408,-321
-468,111,366,-110
-103,-362,280,355
505,23,-469,-21
-81,354,-111,-348
-475,-148,510,143
252,-303,-70,299
385,254,-484,-250
-387,209,241,-211
-248,-331,399,328
476,-91,-389,96
80,364,-258,-358
-506,-33,477,32
105,-353,91,345
463,159,-506,-158
-270,296,96,-293
-368,-268,473,261
401,-198,-267,198
231,339,-383,-329
-487,75,399,-79
-55,-367,239,359
506,59,-489,-53
-132,345,-61,-338
-455,-182,515,176
294,-279,-120,273
351,281,-465,-274
-420,180,285,-176
-203,-349,361,341
493,-52,-416,55
27,364,-217,-363
-501,-73,492,74
156,-336,36,334
444,188,-507,-188
-314,273,151,-263
-332,-292,458,283
430,-164,-312,158
177,350,-345,-345
-498,39,432,-39
-2,-361,190,358
499,87,-500,-85
-173,330,-12,-326
-436,-208,502,202
332,-259,-167,255
313,306,-444,-295
-442,149,327,-150
-155,-356,328,348
504,-20,-447,23
-22,363,-162,-358
-494,-109,503,106
197,-329,-20,324
420,229,-497,-222
-348,251,196,-241
-300,-314,428,304
454,-137,-347,128
133,356,-299,-350
-497,3,454,-5
48,-362,137,353
486,128,-508,-124
-221,319,45,-306
-409,-240,493,233
372,-228,-215,226
274,320,-419,-312
-469,113,360,-118
-108,-360,287,356
504,10,-467,-8
-77,360,-113,-353
-478,-143,512,140
244,-305,-66,302
394,253,-489,-249
-385,214,238,-218
-253,-326,400,323
480,-102,-382,102
84,362,-269,-353
-505,-31,481,29
92,-352,98,343
469,157,-510,-152
-263,297,93,-296
-377,-263,475,257
396,-201,-261,204
236,338,-384,-332
-483,76,395,-77
-61,-367,239,364
508,52,-483,-57
-121,349,-73,-343
-463,-172,510,171
289,-287,-110,283
357,270,-471,-266
-414,188,285,-185
-210,-337,367,334
489,-59,-410,59
34,364,-224,-357
-504,-73,492,68
148,-342,45,333
450,190,-509,-182
-307,272,138,-271
-340,-285,458,281
429,-168,-301,167
188,346,-353,-340
-497,44,427,-43
-10,-363,197,360
502,89,-497,-85
-171,333,-18,-331
-442,-206,507,201
328,-263,-162,256
325,299,-445,-291
-442,156,324,-155
-167,-357,331,348
503,-24,-444,29
-15,361,-174,-358
-496,-106,501,101
189,-324,-6,321
430,220,-499,-216
-339,250,186,-246
-308,-309,437,304
454,-139,-340,140
141,355,-311,-353
-503,16,446,-17
35,-362,152,361
485,110,-501,-108
-210,325,31,-322
-409,-232,492,226
358,-231,-211,234
279,316,-421,-311
-459,119,359,-118
-113,-360,293,354
505,9,-462,-7
-64,358,-126,-352
-482,-134,508,130
235,-311,-57,306
396,239,-493,-238
-378,225,232,-222
-262,-323,410,317
470,-105,-376,103
94,365,-270,-356
-504,-24,475,31
87,-356,103,349
475,151,-511,-151
-257,302,75,-297
-385,-260,482,259
394,-207,-251,201
245,333,-394,-327
-482,86,393,-84
-65,-365,252,353
501,40,-482,-39
-113,347,-73,-345
-462,-162,513,159
276,-285,-105,285
368,269,-477,-260
-413,189,271,-189
-218,-341,376,337
486,-66,-412,69
44,366,-228,-361
-501,-63,490,59
136,-342,50,329
459,181,-503,-175
-300,280,132,-274
-349,-281,463,277
422,-177,-290,179
194,345,-360,-340
-494,52,416,-53
-21,-365,201,361
506,76,-492,-76
-160,339,-23,-337
-444,-202,503,195
319,-265,-154,260
330,295,-454,-290
-433,162,315,-156
-175,-349,343,349
497,-40,-436,38
-6,365,-181,-361
-494,-96,497,93
177,-329,4,327
430,217,-505,-213
-335,253,179,-247
-308,-304,443,296
453,-145,-334,142
146,357,-319,-351
-504,17,447,-19
30,-363,156,359
490,110,-505,-110
-205,321,20,-315
-418,-227,499,220
359,-238,-195,235
290,315,-428,-304
-462,124,349,-123
-123,-359,301,349
499,3,-455,-2
-53,362,-139,-354
-481,-132,507,131
225,-315,-46,311
403,243,-488,-241
-371,224,220,-222
-268,-317,410,313
466,-107,-370,105
102,358,-278,-354
-501,-22,475,21
74,-356,109,347
478,147,-509,-144
-247,306,71,-296
-390,-256,481,255
390,-210,-244,209
251,329,-391,-326
-477,90,383,-90
-77,-364,255,353
504,36,-479,-37
-108,356,-87,-347
-468,-162,513,157
271,-291,-97,290
371,264,-473,-259
-399,195,266,-192
-229,-336,379,329
481,-77,-399,75
55,366,-237,-359
-502,-58,486,49
130,-345,61,342
456,181,-511,-171
-292,281,118,-276
-356,-281,463,275
415,-180,-284,178
208,348,-357,-344
-489,57,418,-57
-30,-367,212,362
497,70,-490,-67
-151,346,-40,-337
-440,-197,503,187
311,-274,-144,270
331,293,-455,-283
-426,164,306,-166
-183,-351,346,342
494,-39,-431,43
7,363,-192,-361
-499,-92,502,86
173,-324,12,327
433,207,-505,-203
-327,256,173,-253
-315,-299,439,294
443,-150,-330,148
154,355,-325,-351
-501,21,443,-26
27,-363,169,360
493,104,-506,-100
-201,324,14,-320
-422,-220,500,217
348,-246,-191,244
299,309,-427,-305
-452,137,344,-133
-133,-356,307,352
501,-3,-460,4
-54,357,-143,-356
-485,-123,510,122
220,-317,-40,312
408,235,-491,-230
-360,233,214,-229
-279,-324,419,317
469,-115,-369,117
108,361,-279,-358
-504,-13,463,13
70,-359,112,350
478,147,-507,-145
-236,307,62,-302
-397,-254,488,245
383,-215,-236,215
253,323,-403,-316
-474,98,382,-99
-86,-359,267,357
505,39,-477,-30
-88,345,-93,-345
-472,-160,506,150
261,-295,-84,290
374,260,-476,-257
-399,203,259,-200
-233,-337,386,333
482,-75,-401,82
61,365,-247,-358
-508,-53,486,51
120,-344,74,339
463,170,-509,-173
-285,285,113,-284
-357,-277,466,273
418,-189,-276,188
213,349,-370,-341
-491,61,410,-61
-39,-366,221,357
496,70,-493,-67
-139,337,-45,-331
-447,-187,508,182
302,-276,-134,276
342,290,-464,-282
-426,170,301,-176
-192,-346,351,339
492,-42,-422,46
14,355,-190,-351
-496,-85,492,80
165,-336,18,333
440,206,-506,-197
-323,267,159,-263
-324,-296,445,290
440,-155,-318,157
163,354,-332,-347
-494,25,439,-30
12,-364,178,360
493,104,-501,-102
-191,323,6,-323
-429,-221,493,211
344,-247,-184,246
301,309,-433,-300
-449,138,341,-137
-140,-356,316,353
505,-12,-455,14
-36,363,-158,-355
-491,-116,506,113
209,-319,-25,315
415,229,-493,-235
-362,231,210,-230
-283,-316,415,312
465,-120,-357,120
117,364,-292,-354
-503,-11,464,9
59,-357,125,353
485,141,-514,-136
-235,309,60,-303
-399,-248,487,242
374,-223,-228,221
261,327,-407,-322
-472,105,378,-104
-85,-364,270,359
511,26,-478,-25
-93,347,-97,-346
-475,-150,513,149
258,-293,-85,294
379,259,-478,-261
-394,206,251,-204
-241,-337,387,335
477,-87,-386,89
70,366,-252,-363
-503,-42,481,40
115,-352,79,347
460,168,-509,-169
-280,287,107,-283
-363,-271,467,261
411,-189,-274,191
221,338,-371,-327
-486,72,404,-69
-46,-363,229,357
499,62,-491,-60
-136,342,-54,-338
-454,-188,511,177
301,-274,-129,276
348,282,-461,-278
-424,171,296,-175
-199,-339,357,334
498,-53,-423,56
19,361,-204,-355
-500,-76,493,74
158,-338,28,335
441,197,-505,-198
-317,269,150,-262
-331,-300,449,290
439,-157,-312,158
173,355,-333,-344
-494,33,435,-36
3,-365,180,361
492,99,-505,-96
-181,329,-1,-324
-431,-216,505,208
337,-253,-173,247
311,303,-440,-297
-447,141,334,-142
-153,-352,322,347
500,-15,-453,17
-23,360,-161,-352
-492,-114,505,112
203,-325,-19,319
416,229,-496,-226
-356,244,198,-240
-285,-311,425,306
457,-129,-357,130
126,358,-293,-357
-503,-1,462,1
51,-359,130,358
485,128,-507,-127
-227,314,47,-307
-404,-240,490,237
370,-228,-222,222
271,323,-407,-321
-467,112,369,-112
-105,-367,278,356
506,21,-472,-18
-80,354,-112,-346
-474,-148,513,145
253,-295,-74,298
383,256,-486,-251
-389,207,245,-213
-250,-330,397,326
475,-94,-386,95
79,359,-257,-360
-500,-36,480,34
105,-349,86,345
465,165,-509,-159
-270,294,98,-286
-373,-273,470,265
401,-195,-267,195
225,343,-379,-333
-483,72,401,-76
-50,-367,239,356
505,57,-484,-49
-127,347,-65,-343
-458,-178,506,173
289,-281,-115,280
353,278,-463,-273
-415,180,289,-179
-210,-346,363,334
494,-57,-422,60
32,368,-215,-359
-507,-77,491,71
152,-341,37,335
447,198,-506,-188
-310,273,143,-271
-337,-294,457,287
432,-167,-302,165
181,351,-345,-344
-497,38,433,-40
1,-359,188,355
495,92,-502,-82
-175,332,-10,-331
-435,-211,502,206
328,-257,-171,257
314,299,-442,-298
-442,152,328,-149
-152,-354,321,346
497,-25,-440,25
-19,359,-162,-352
-493,-106,502,100
196,-316,-14,311
424,223,-498,-215
-355,236,193,-231
-296,-315,429,305
452,-127,-347,132
136,364,-309,-357
-501,5,457,-10
42,-364,146,362
488,125,-505,-122
-218,313,38,-313
-401,-238,490,229
362,-227,-217,226
275,317,-416,-310
-469,114,365,-112
-108,-359,289,356
506,15,-465,-14
-73,356,-122,-352
-482,-137,511,137
247,-308,-64,302
393,247,-486,-243
-388,215,236,-218
-252,-325,402,319
479,-99,-383,102
86,362,-268,-358
-509,-31,479,30
92,-353,98,352
477,162,-510,-158
-268,292,89,-290
-381,-264,480,258
406,-201,-259,196
232,334,-380,-331
-483,81,397,-77
-61,-365,234,361
504,53,-490,-55
-122,347,-66,-340
-463,-178,510,172
291,-285,-111,280
357,276,-466,-268
-413,187,279,-187
-208,-341,368,335
488,-63,-412,69
37,364,-222,-360
-506,-71,494,66
143,-341,47,334
451,194,-510,-188
-305,271,136,-267
-343,-289,460,284
430,-165,-298,167
192,349,-350,-345
-497,44,424,-45
-13,-368,195,358
496,85,-498,-82
-170,335,-18,-328
-436,-206,507,201
326,-260,-164,256
325,297,-445,-293
-435,154,320,-150
-167,-351,329,346
495,-29,-439,31
-12,366,-173,-363
-496,-102,506,100
187,-332,-9,328
429,222,-503,-214
-345,247,185,-247
-301,-307,436,295
455,-139,-342,142
141,351,-310,-347
-503,15,453,-17
37,-355,150,349
484,123,-503,-113
-212,310,30,-306
-412,-236,496,229
362,-230,-212,228
288,314,-422,-310
-461,122,358,-121
-120,-363,294,353
503,10,-464,-5
-65,358,-131,-350
-483,-136,513,130
238,-308,-54,301
401,242,-489,-238
-380,222,230,-215
-265,-325,403,316
473,-102,-376,103
91,366,-271,-355
-504,-27,480,23
87,-353,100,350
476,147,-513,-146
-256,300,82,-293
-382,-253,479,253
394,-208,-253,201
239,334,-391,-333
-481,78,393,-83
-67,-364,254,360
503,48,-485,-42
-115,349,-83,-340
-457,-165,515,159
276,-293,-102,283
366,273,-472,-263
-408,190,273,-187
-220,-341,371,333
488,-69,-402,70
40,366,-229,-357
-502,-57,490,55
137,-347,50,338
458,185,-512,-175
-300,278,129,-278
-349,-288,468,278
422,-177,-292,176
198,346,-354,-343
-492,54,420,-53
-21,-367,194,360
499,82,-491,-74
-155,339,-29,-330
-443,-198,504,196
316,-264,-146,259
333,294,-447,-292
-440,160,314,-155
-177,-355,336,347
496,-34,-437,32
-5,363,-187,-360
-493,-98,500,94
182,-330,7,329
432,217,-503,-213
-335,255,177,-249
-308,-307,440,304
445,-142,-334,140
147,359,-321,-355
-498,13,448,-17
28,-361,163,357
488,111,-501,-110
-202,321,21,-314
-416,-227,495,221
353,-242,-202,241
291,315,-428,-309
-456,135,350,-130
-124,-362,298,356
501,-2,-459,-2
-52,355,-133,-353
-488,-135,509,128
224,-307,-43,308
405,247,-492,-240
-369,226,220,-223
-268,-326,414,317
468,-104,-371,111
101,360,-279,-354
-509,-21,467,17
81,-355,112,349
477,144,-506,-139
-250,300,72,-296
-387,-255,476,246
391,-202,-242,205
246,328,-387,-323
-481,89,385,-91
-71,-364,255,359
509,34,-483,-34
-107,353,-89,-350
-470,-160,513,161
273,-293,-95,293
369,271,-475,-267
-405,197,269,-200
-226,-343,382,335
483,-75,-409,79
54,363,-238,-360
-503,-57,492,55
131,-336,58,334
458,177,-507,-173
-295,279,124,-273
-351,-282,465,275
415,-183,-288,180
201,345,-368,-342
-487,53,414,-54
-29,-356,216,354
501,77,-493,-74
-154,336,-36,-328
-446,-201,512,192
317,-269,-141,268
333,294,-455,-288
-431,162,306,-167
-183,-348,338,340
493,-40,-431,41
3,360,-188,-357
-495,-91,494,90
179,-329,11,333
432,212,-501,-208
-332,255,174,-252
-315,-302,440,296
444,-147,-325,146
157,352,-325,-350
-499,18,438,-22
20,-359,171,352
494,108,-504,-106
-199,325,16,-312
-424,-223,496,220
347,-247,-191,242
298,316,-429,-310
-452,134,340,-132
-134,-363,307,356
503,-1,-453,2
-49,360,-143,-356
-486,-128,509,122
222,-319,-43,311
407,242,-491,-232
-365,229,218,-226
-275,-323,411,316
467,-109,-363,116
106,364,-286,-355
-508,-13,463,6
71,-362,119,352
480,139,-504,-136
-238,310,64,-304
-392,-252,486,245
383,-220,-237,213
253,328,-397,-319
-477,100,381,-99
-83,-361,262,354
508,36,-477,-30
-95,351,-96,-344
-474,-160,506,161
261,-294,-88,288
375,262,-476,-259
-397,196,263,-196
-235,-332,383,325
485,-82,-394,82
63,367,-240,-361
-505,-49,478,50
123,-350,65,342
459,178,-507,-174
-290,288,114,-282
-356,-281,471,276
416,-189,-280,187
210,344,-369,-334
-488,65,411,-64
-39,-365,224,356
502,71,-493,-68
-143,340,-42,-337
-450,-196,507,189
307,-271,-143,268
341,284,-455,-280
-429,175,301,-171
-184,-345,354,340
493,-46,-430,50
11,369,-198,-358
-501,-90,498,83
167,-330,19,327
440,201,-503,-196
-327,252,159,-256
-320,-292,447,290
437,-154,-319,152
164,356,-332,-354
-498,26,441,-25
13,-365,172,361
498,102,-505,-94
-189,330,7,-328
-428,-215,502,211
343,-253,-186,247
301,308,-434,-302
-452,137,340,-135
-138,-358,316,352
503,-7,-455,10
-42,359,-152,-358
-487,-124,506,119
214,-318,-31,316
409,240,-492,-233
-358,237,205,-233
-284,-318,425,315
465,-124,-360,122
115,358,-297,-354
-509,-7,465,8
67,-355,126,352
480,139,-508,-140
-237,304,58,-303
-391,-248,488,243
378,-220,-233,217
263,328,-407,-319
-471,103,379,-100
-94,-360,273,354
503,24,-475,-24
-91,353,-100,-347
-474,-150,512,150
255,-297,-85,291
381,261,-484,-260
-397,201,253,-194
-233,-339,388,328
483,-87,-392,87
67,372,-245,-364
-500,-44,483,42
110,-351,79,349
463,167,-511,-167
-281,289,101,-284
-363,-266,469,260
409,-190,-270,187
216,335,-370,-326
-485,70,411,-72
-46,-363,226,360
504,59,-493,-57
-137,344,-53,-338
-451,-186,504,180
303,-277,-129,272
342,281,-459,-277
-424,175,295,-177
-197,-344,356,340
495,-50,-418,55
21,371,-203,-361
-503,-84,492,77
157,-337,28,334
445,202,-504,-199
-316,262,151,-261
-329,-297,447,290
434,-160,-317,158
173,356,-339,-347
-494,34,438,-36
2,-366,189,360
498,98,-502,-96
-186,328,-2,-322
-433,-215,501,209
340,-250,-181,247
310,301,-439,-296
-447,144,331,-142
-153,-359,319,354
501,-17,-448,17
-25,365,-154,-358
-492,-110,506,105
207,-320,-21,318
418,223,-495,-222
-358,239,195,-237
-294,-312,429,307
457,-129,-353,123
128,360,-298,-350
-502,-2,460,1
55,-356,129,352
484,129,-509,-122
-230,310,47,-308
-404,-242,494,236
377,-225,-224,224
264,325,-412,-319
-467,110,369,-110
-101,-364,280,355
504,17,-469,-17
-72,360,-109,-351
-474,-147,507,143
245,-304,-73,300
382,252,-483,-251
-386,215,244,-214
-247,-328,401,324
474,-99,-387,101
71,364,-261,-359
-507,-38,478,33
105,-346,86,342
470,164,-506,-157
-265,289,97,-287
-368,-270,477,263
404,-196,-269,194
227,341,-384,-336
-482,79,402,-73
-55,-369,235,359
501,56,-484,-51
-131,339,-62,-340
-461,-176,508,174
294,-276,-119,278
353,278,-463,-274
-420,180,291,-178
-199,-343,358,331
497,-57,-419,62
24,361,-212,-356
-500,-73,491,69
147,-340,33,335
444,197,-506,-192
-308,271,147,-267
-335,-291,457,285
434,-164,-308,164
181,351,-342,-344
-496,40,432,-38
-2,-367,191,357
493,92,-502,-88
-176,333,-13,-327
-431,-214,506,202
331,-256,-174,256
316,303,-442,-296
-445,149,329,-148
-158,-352,322,350
503,-21,-442,22
-25,360,-166,-356
-494,-113,503,107
199,-321,-11,319
424,224,-499,-223
-347,244,195,-240
-298,-310,430,304
451,-131,-352,134
134,358,-306,-353
-501,0,458,-10
48,-359,141,357
487,122,-509,-121
-224,319,37,-312
-410,-237,495,234
367,-231,-214,228
278,322,-413,-314
-463,114,367,-112
-106,-363,286,355
505,11,-465,-12
-78,357,-123,-354
-480,-135,507,135
245,-304,-66,300
397,249,-486,-243
-384,214,238,-208
-260,-333,401,324
478,-95,-376,94
87,365,-264,-361
-505,-32,473,33
96,-354,94,350
465,156,-509,-157
-264,298,84,-296
-376,-263,480,259
399,-201,-258,200
236,337,-384,-331
-478,82,396,-82
-64,-364,242,361
504,49,-482,-43
-116,345,-73,-343
-464,-178,508,170
289,-282,-113,280
359,278,-466,-271
-417,182,283,-182
-214,-340,367,331
491,-63,-411,65
36,363,-219,-354
-500,-67,487,63
145,-338,43,334
447,193,-507,-183
-300,271,138,-271
-343,-291,456,286
424,-168,-296,164
192,349,-350,-345
-491,41,420,-41
-13,-363,202,356
497,89,-499,-88
-168,334,-20,-327
-439,-207,506,205
326,-265,-163,260
318,302,-443,-294
-439,154,320,-156
-162,-350,330,349
501,-27,-439,30
-14,360,-173,-361
-494,-104,504,102
190,-325,-11,319
424,219,-499,-213
-349,242,183,-244
-302,-306,430,302
456,-131,-337,139
141,357,-308,-354
-499,8,456,-11
40,-356,151,354
490,114,-506,-115
-215,321,27,-315
-416,-234,490,228
357,-238,-207,234
282,318,-419,-310
-459,124,360,-122
-119,-359,289,355
504,2,-461,-6
-61,358,-122,-353
-482,-137,506,133
239,-308,-57,305
398,249,-495,-245
-382,220,232,-214
-265,-325,412,320
474,-100,-375,98
94,362,-269,-355
-502,-31,471,29
87,-353,99,351
470,156,-511,-154
-256,296,78,-295
-381,-264,485,259
393,-200,-254,202
241,333,-391,-328
-480,86,393,-88
-69,-363,246,359
508,45,-477,-43
-114,343,-74,-345
-468,-174,508,167
280,-282,-107,286
367,271,-472,-264
-411,190,278,-192
-218,-339,371,332
488,-69,-409,68
42,366,-229,-356
-504,-62,487,63
135,-342,56,336
455,185,-507,-180
-297,274,128,-273
-348,-283,464,274
426,-170,-300,170
196,340,-358,-333
-495,54,421,-49
-19,-364,211,355
499,75,-491,-75
-160,336,-30,-329
-442,-194,504,193
317,-259,-154,261
329,291,-450,-286
-434,158,315,-162
-174,-355,339,346
501,-34,-436,37
-6,365,-183,-359
-499,-97,498,96
184,-327,6,319
427,215,-502,-211
-340,250,179,-251
-308,-303,440,298
448,-148,-334,153
151,357,-321,-351
-505,19,442,-17
32,-362,158,353
495,116,-502,-113
-206,317,22,-313
-415,-225,496,221
354,-238,-200,234
283,309,-422,-304
-458,129,353,-128
-119,-360,301,354
503,4,-461,0
-60,358,-138,-352
-483,-133,509,129
227,-311,-51,307
400,245,-489,-239
-371,219,226,-223
-265,-323,410,318
469,-105,-370,105
97,363,-279,-352
-501,-21,473,15
78,-359,109,353
476,151,-512,-146
-253,305,72,-304
-389,-255,481,256
393,-211,-249,209
243,332,-392,-325
-475,89,391,-93
-72,-368,260,357
503,37,-475,-32
-107,353,-88,-342
-467,-161,506,155
274,-292,-100,290
368,268,-472,-266
-400,194,267,-196
-228,-335,376,337
485,-74,-405,74
51,362,-233,-355
-504,-54,487,51
130,-349,61,339
455,182,-504,-175
-289,282,121,-281
-353,-282,463,282
416,-176,-288,178
203,346,-360,-344
-488,54,414,-57
-28,-368,215,359
500,75,-491,-70
-153,340,-41,-327
-444,-198,506,190
312,-273,-146,263
330,294,-452,-289
-430,169,309,-165
-177,-354,337,350
495,-38,-430,38
0,369,-181,-363
-497,-90,500,90
174,-332,7,326
433,209,-499,-204
-328,252,171,-248
-311,-303,437,295
442,-142,-331,145
157,349,-323,-349
-497,21,446,-25
20,-361,168,356
489,108,-511,-104
-202,326,12,-316
-420,-224,499,218
348,-241,-192,238
299,305,-423,-301
-451,134,348,-132
-134,-356,306,353
502,-3,-458,1
-51,362,-141,-354
-484,-130,505,127
226,-316,-39,311
401,237,-492,-236
-368,231,212,-228
-277,-320,417,316
465,-109,-363,112
111,361,-287,-352
-503,-16,465,13
79,-355,118,349
474,142,-508,-139
-247,305,65,-300
-391,-255,492,245
381,-213,-237,215
254,331,-406,-324
-471,100,381,-97
-87,-366,260,360
507,31,-474,-34
-94,352,-93,-344
-471,-159,511,152
260,-292,-89,291
373,259,-478,-256
-396,201,259,-202
-231,-333,387,333
479,-84,-396,84
63,366,-244,-361
-503,-46,486,46
122,-348,67,342
464,172,-510,-170
-286,286,111,-282
-356,-279,466,269
412,-185,-278,185
203,345,-367,-334
-489,63,415,-66
-36,-365,221,361
498,63,-491,-66
-142,343,-44,-339
-451,-190,503,185
304,-271,-135,270
344,293,-461,-284
-427,161,300,-160
-185,-346,351,343
496,-44,-429,38
15,364,-193,-356
-499,-83,500,84
164,-332,19,327
439,203,-503,-198
-326,258,159,-256
-322,-297,445,293
441,-150,-323,151
163,353,-331,-348
-502,19,443,-29
16,-359,172,355
496,105,-504,-95
-195,325,8,-322
-425,-217,504,213
346,-249,-185,246
304,308,-434,-303
-451,138,340,-136
-139,-360,313,353
500,-8,-456,10
-47,357,-154,-353
-486,-116,507,113
215,-315,-34,311
410,233,-490,-229
-356,232,209,-227
-283,-322,421,311
465,-114,-355,116
112,357,-295,-351
-503,-8,464,7
66,-359,125,354
477,136,-507,-135
-235,313,52,-309
-394,-252,489,246
379,-214,-229,220
260,329,-406,-321
-473,102,379,-105
-89,-365,270,355
505,21,-477,-19
-89,358,-101,-353
-472,-153,510,147
256,-301,-87,297
379,259,-476,-254
-397,208,257,-203
-239,-337,386,331
480,-87,-386,85
72,371,-251,-363
-501,-46,480,43
112,-349,75,345
462,172,-509,-163
-281,288,109,-284
-364,-271,470,262
410,-191,-272,187
220,338,-378,-331
-488,62,409,-64
-45,-363,225,356
505,65,-490,-61
-138,341,-47,-338
-457,-184,505,178
297,-278,-127,277
350,283,-459,-277
-417,176,291,-177
-196,-346,355,342
493,-48,-422,52
17,365,-205,-360
-504,-84,494,77
162,-339,27,334
438,200,-496,-194
-317,268,153,-265
-322,-289,448,288
434,-159,-316,156
170,347,-340,-342
-493,29,432,-31
6,-365,181,357
493,101,-500,-91
-184,331,2,-326
-431,-213,502,208
337,-249,-178,250
313,300,-440,-299
-445,137,330,-142
-154,-352,321,349
499,-12,-440,14
-25,360,-157,-356
-493,-114,497,111
205,-324,-17,319
418,229,-499,-223
-354,240,193,-234
-292,-316,429,309
457,-123,-349,122
127,357,-300,-351
-506,-2,459,-5
52,-357,132,350
485,127,-506,-121
-224,312,46,-305
-401,-243,495,236
375,-224,-220,221
273,324,-409,-317
-470,109,367,-105
-107,-365,272,359
503,20,-471,-21
-80,359,-109,-356
-473,-143,511,142
245,-308,-72,302
386,256,-485,-253
-382,209,243,-207
-251,-333,393,328
477,-89,-382,93
78,360,-250,-357
-503,-36,478,31
106,-345,84,346
462,162,-512,-159
-276,290,93,-287
-366,-266,477,260
401,-202,-264,195
229,341,-381,-331
-477,77,403,-78
-51,-367,234,360
500,54,-483,-50
-131,345,-62,-341
-460,-178,506,176
292,-276,-122,277
355,283,-468,-278
-417,173,288,-180
-207,-346,360,342
484,-55,-412,57
35,363,-207,-359
-500,-73,491,75
150,-337,38,330
449,190,-513,-187
-313,270,147,-268
-332,-286,453,283
432,-161,-313,163
182,346,-338,-344
-495,35,430,-41
-3,-366,192,361
494,96,-498,-88
-180,330,-10,-328
-434,-210,504,208
331,-253,-172,254
317,301,-446,-296
-439,148,329,-148
-155,-354,324,346
499,-23,-446,23
-19,359,-160,-352
-497,-109,505,103
198,-317,-16,312
420,224,-499,-216
-351,242,193,-238
-294,-312,425,305
459,-137,-346,134
133,362,-305,-354
-510,4,454,-7
51,-356,150,352
485,122,-502,-117
-224,315,34,-312
-404,-233,488,231
368,-234,-218,230
279,318,-414,-316
-469,115,366,-113
-110,-360,287,352
505,18,-462,-18
-72,355,-115,-347
-475,-147,505,147
240,-305,-68,301
392,257,-487,-251
-380,214,239,-212
-257,-328,400,322
473,-97,-383,96
87,359,-263,-356
-505,-29,475,26
96,-350,91,346
469,154,-510,-148
-266,293,87,-292
-376,-264,482,257
401,-193,-258,198
232,338,-381,-331
-480,78,400,-78
-59,-370,240,363
499,47,-484,-48
-121,355,-71,-352
-457,-178,506,173
286,-286,-112,280
355,278,-469,-270
-411,185,277,-180
-209,-342,370,337
488,-63,-415,65
38,364,-216,-361
-503,-63,491,65
143,-339,44,332
446,182,-505,-183
-307,275,133,-266
-336,-287,460,278
428,-169,-300,165
189,348,-350,-341
-497,41,426,-43
-10,-363,202,364
498,89,-499,-84
-168,334,-20,-332
-435,-205,504,201
322,-261,-159,257
321,298,-449,-291
-440,152,315,-157
-163,-354,341,348
497,-26,-443,32
-13,363,-178,-361
-490,-104,504,103
189,-330,-12,325
429,223,-497,-220
-349,247,189,-243
-305,-302,435,298
456,-140,-338,139
139,355,-316,-351
-501,10,450,-10
39,-363,148,358
490,122,-501,-118
-215,319,31,-312
-410,-233,492,224
361,-237,-211,231
280,320,-419,-308
-461,118,370,-118
-116,-354,289,350
505,6,-466,-3
-66,353,-126,-350
-481,-134,507,131
242,-312,-59,306
395,248,-486,-245
-380,222,234,-217
-261,-323,403,316
467,-103,-375,102
94,362,-270,-353
-504,-29,468,27
89,-358,105,353
472,158,-507,-155
-257,302,78,-298
-380,-261,481,256
394,-206,-253,207
245,331,-392,-328
-480,88,392,-88
-68,-369,249,364
507,49,-480,-52
-115,347,-79,-344
-473,-174,511,170
279,-283,-102,282
370,274,-474,-263
-411,191,273,-189
-216,-342,375,332
491,-70,-403,71
41,362,-233,-354
-503,-61,488,61
138,-335,51,334
449,187,-513,-183
-301,273,132,-273
-345,-288,461,275
424,-178,-289,175
197,348,-357,-337
-493,52,421,-56
-17,-366,209,361
501,78,-496,-75
-163,336,-27,-334
-445,-201,499,198
317,-262,-154,263
330,299,-449,-293
-433,156,316,-159
-174,-352,342,347
499,-35,-437,35
-3,364,-187,-356
-498,-91,500,93
183,-333,5,327
431,214,-506,-210
-340,251,174,-250
-308,-303,446,297
450,-143,-335,140
150,351,-316,-350
-499,15,449,-17
26,-359,153,358
490,120,-501,-115
-207,318,21,-307
-415,-229,498,223
357,-236,-201,234
287,314,-429,-305
-458,125,351,-128
-131,-359,301,350
505,-1,-458,-3
-50,361,-134,-351
-482,-135,509,129
223,-313,-46,309
402,249,-493,-237
-374,222,222,-222
-269,-318,410,313
471,-112,-372,110
100,356,-275,-354
-504,-20,470,20
86,-353,108,347
477,148,-508,-144
-252,304,77,-295
-390,-253,484,249
379,-212,-247,211
254,333,-398,-328
-474,90,386,-96
-76,-365,257,357
505,39,-482,-35
-109,348,-85,-343
-470,-164,513,159
274,-288,-97,287
376,266,-475,-259
-408,195,270,-192
-228,-334,376,328
487,-76,-403,73
52,361,-236,-357
-503,-57,487,55
129,-344,60,338
457,181,-508,-171
-288,282,124,-277
-356,-282,465,273
414,-178,-290,175
207,343,-364,-336
-490,55,418,-53
-28,-362,213,358
500,76,-491,-74
-150,338,-38,-334
-446,-199,509,194
309,-270,-143,263
334,289,-457,-282
-432,164,305,-164
-179,-349,343,342
495,-36,-429,43
4,368,-191,-362
-500,-96,501,90
180,-332,13,326
437,212,-501,-208
-330,258,169,-253
-319,-302,442,296
439,-151,-326,149
160,357,-326,-349
-504,19,444,-18
27,-359,161,355
493,110,-506,-107
-201,314,17,-317
-419,-218,500,215
351,-243,-190,242
295,306,-428,-303
-455,139,343,-136
-132,-356,307,354
498,-9,-457,13
-48,362,-147,-358
-486,-126,506,119
225,-312,-35,311
411,235,-494,-233
-372,225,218,-226
-277,-317,420,314
466,-109,-362,114
109,361,-287,-355
-502,-18,463,17
74,-354,117,348
475,139,-512,-137
-247,307,64,-301
-390,-255,485,242
385,-217,-237,216
254,331,-397,-322
-472,100,381,-99
-85,-363,262,357
501,33,-478,-30
-93,352,-95,-346
-468,-157,509,150
265,-293,-89,292
375,260,-472,-256
-399,200,262,-195
-234,-336,381,331
479,-81,-399,78
64,368,-241,-363
-507,-48,483,46
114,-350,68,345
467,167,-508,-167
-283,285,117,-282
-354,-274,470,271
416,-183,-283,185
210,350,-372,-342
-490,63,415,-61
-41,-371,221,362
497,58,-489,-66
-143,345,-48,-337
-445,-187,503,185
303,-273,-133,270
339,288,-456,-280
-425,170,302,-168
-189,-345,347,340
496,-47,-428,43
12,362,-197,-353
-501,-85,496,86
167,-331,22,322
442,204,-505,-202
-324,256,159,-255
-322,-297,449,292
440,-158,-319,156
164,356,-330,-348
-501,34,439,-34
12,-367,173,363
498,105,-505,-100
-191,326,5,-322
-423,-221,504,215
338,-246,-187,243
302,306,-435,-301
-449,135,341,-134
-144,-358,307,350
500,-6,-448,10
-42,359,-145,-356
-489,-120,505,114
218,-315,-31,317
414,229,-501,-228
-359,235,210,-231
-281,-310,421,309
464,-126,-355,122
116,359,-291,-356
-508,-10,457,9
62,-356,127,354
477,142,-505,-138
-235,302,57,-305
-392,-244,483,241
375,-219,-229,221
263,323,-408,-318
-467,108,378,-106
-92,-365,272,360
506,25,-470,-25
-92,355,-99,-348
-475,-151,506,148
258,-298,-88,290
375,257,-482,-251
-391,201,254,-203
-234,-332,393,329
478,-86,-387,86
71,367,-251,-362
-505,-47,481,48
109,-350,78,342
465,176,-508,-170
-275,286,105,-282
-366,-273,472,268
411,-192,-272,186
218,342,-374,-332
-491,64,400,-65
-43,-365,223,358
500,71,-484,-64
-141,337,-49,-334
-452,-186,507,182
306,-274,-128,265
347,282,-460,-276
-423,179,293,-176
-194,-353,356,341
492,-47,-425,53
20,367,-200,-360
-503,-82,496,80
159,-332,22,332
440,197,-505,-195
-318,265,156,-263
-323,-297,452,291
437,-156,-319,152
169,348,-338,-344
-498,35,437,-32
6,-365,183,359
490,94,-501,-95
-179,336,-5,-330
-430,-217,504,212
334,-251,-178,250
314,303,-437,-299
-448,142,337,-141
-147,-353,315,347
501,-16,-450,19
-30,363,-161,-353
-491,-112,507,109
203,-323,-20,316
416,231,-499,-227
-357,233,201,-231
-288,-317,429,309
464,-122,-356,123
128,358,-302,-354
-506,-1,461,-3
50,-357,134,353
479,132,-505,-123
-230,311,45,-310
-399,-247,491,240
375,-224,-221,226
270,324,-410,-318
-465,112,368,-109
-104,-359,278,354
505,20,-466,-19
-83,356,-116,-351
-478,-153,512,143
256,-305,-72,297
388,259,-484,-252
-389,208,243,-204
-251,-329,397,327
477,-89,-388,90
76,362,-259,-355
-506,-33,484,29
107,-354,86,348
467,157,-511,-153
-269,298,91,-292
-370,-267,478,261
402,-196,-267,194
223,339,-379,-331
-487,72,406,-78
-48,-361,235,356
503,51,-485,-46
-128,346,-65,-341
-458,-176,511,172
289,-284,-119,280
355,284,-470,-277
-417,179,286,-180
-199,-342,367,340
490,-59,-416,59
26,364,-218,-358
-502,-73,498,71
151,-337,37,331
448,194,-509,-186
-311,265,146,-265
-336,-288,455,282
430,-164,-308,162
180,345,-347,-342
-494,38,429,-42
-1,-365,191,359
495,94,-493,-89
-178,338,-12,-331
-437,-210,501,208
333,-260,-161,253
319,302,-448,-293
-443,148,324,-148
-159,-357,321,349
501,-19,-450,26
-19,362,-161,-359
-491,-106,507,102
194,-322,-10,317
420,223,-497,-214
-352,246,188,-244
-294,-313,430,301
455,-135,-345,135
132,356,-306,-350
-500,2,456,-6
47,-360,141,355
490,128,-506,-120
-226,318,35,-315
-407,-242,491,235
371,-225,-214,230
274,322,-414,-317
-466,117,365,-118
-109,-364,288,358
502,8,-465,-10
-72,360,-122,-354
-477,-143,508,140
242,-305,-62,301
391,253,-483,-253
-382,210,235,-209
-253,-331,397,330
474,-94,-379,97
83,366,-267,-361
-504,-32,477,31
93,-355,98,348
476,163,-509,-157
-266,293,88,-291
-376,-263,478,257
402,-197,-258,195
228,329,-387,-326
-483,79,393,-80
-56,-364,238,361
504,50,-479,-46
-120,351,-65,-349
-461,-172,505,171
282,-287,-109,286
361,275,-466,-272
-413,183,276,-185
-215,-343,366,333
488,-60,-409,63
37,365,-221,-353
-499,-71,488,67
147,-340,45,336
448,194,-509,-187
-304,280,142,-274
-341,-295,458,281
428,-175,-301,173
182,350,-348,-344
-494,46,423,-49
-7,-363,200,359
497,82,-496,-83
-170,334,-22,-328
-438,-202,502,201
330,-261,-158,260
318,299,-443,-291
-442,156,318,-152
-164,-356,328,345
502,-31,-441,26
-15,364,-169,-359
-495,-102,507,98
192,-327,-8,323
427,222,-502,-215
-344,248,183,-242
-308,-306,433,301
451,-139,-342,138
144,356,-309,-350
-500,13,453,-12
39,-364,154,357
489,121,-501,-120
-217,319,25,-313
-411,-241,496,233
360,-232,-210,228
286,323,-425,-313
-462,116,359,-111
-119,-361,294,351
505,14,-462,-11
-65,357,-123,-350
-478,-139,503,130
234,-312,-55,307
397,248,-481,-239
-379,223,226,-219
-262,-324,409,317
472,-101,-376,101
90,363,-276,-356
-500,-32,473,29
85,-357,101,354
475,157,-508,-156
-258,296,87,-298
-383,-257,481,253
400,-203,-256,202
231,331,-393,-322
-476,86,389,-85
-64,-368,251,362
503,46,-478,-40
-118,351,-76,-347
-463,-168,509,161
283,-287,-109,283
361,270,-469,-263
-407,192,276,-189
-221,-340,372,335
486,-69,-406,73
48,364,-230,-359
-505,-65,485,55
137,-346,56,337
455,186,-510,-177
-297,284,128,-277
-347,-285,468,276
422,-178,-296,177
199,349,-359,-340
-494,50,420,-49
-22,-362,205,354
499,81,-493,-82
-164,331,-27,-329
-445,-201,508,197
318,-265,-156,263
330,295,-455,-287
-429,159,313,-157
-175,-350,342,343
497,-32,-430,33
-4,360,-181,-354
-493,-90,499,90
184,-335,2,326
427,216,-505,-209
-338,257,175,-251
-310,-308,436,300
450,-141,-331,138
150,351,-317,-349
-504,14,448,-16
26,-360,162,356
492,118,-506,-109
-206,326,22,-316
-416,-231,499,224
359,-242,-200,237
293,311,-431,-310
-460,123,350,-125
-129,-356,301,352
504,5,-456,-2
-55,356,-140,-353
-485,-131,508,129
227,-308,-44,307
402,241,-489,-238
-374,228,222,-223
-269,-322,414,318
469,-109,-369,109
101,360,-282,-357
-504,-23,473,21
84,-353,104,348
477,144,-510,-142
-250,304,71,-298
-386,-252,484,248
385,-211,-240,211
250,328,-394,-325
-483,89,387,-92
-81,-359,257,354
510,35,-479,-34
-104,353,-84,-344
-466,-156,504,156
274,-293,-96,288
373,263,-475,-259
-407,190,267,-187
-225,-332,383,327
482,-73,-411,71
54,363,-231,-357
-502,-53,488,51
125,-346,59,339
458,176,-504,-171
-292,279,120,-275
-351,-280,465,270
417,-177,-290,181
203,349,-363,-340
-493,56,417,-59
-29,-370,215,365
506,74,-493,-71
-153,341,-36,-339
-446,-196,501,189
312,-269,-147,269
335,292,-449,-285
-431,160,314,-163
-180,-349,343,342
494,-33,-437,33
4,361,-187,-354
-495,-94,501,98
176,-329,8,326
435,210,-502,-209
-332,260,165,-257
-322,-305,440,297
446,-148,-323,146
161,351,-322,-347
-502,20,441,-18
18,-356,164,354
496,105,-503,-107
-193,323,12,-316
-423,-224,502,220
349,-243,-186,239
294,310,-429,-304
-452,136,342,-134
-140,-362,307,351
504,0,-456,5
-39,361,-142,-357
-488,-131,503,125
221,-312,-38,316
407,232,-493,-232
-369,237,212,-233
-279,-319,417,314
466,-119,-358,119
115,363,-286,-356
-504,-13,463,11
69,-358,117,348
479,142,-509,-137
-245,303,66,-302
-391,-253,482,246
379,-209,-234,214
257,332,-402,-326
-471,92,383,-93
-86,-367,267,358
504,36,-475,-36
-99,353,-98,-345
-468,-165,507,160
266,-294,-83,293
375,267,-475,-262
-399,200,259,-202
-230,-334,381,330
482,-83,-399,84
55,364,-243,-359
-503,-48,483,45
119,-346,65,342
463,172,-506,-168
-278,283,117,-281
-364,-275,467,270
411,-183,-280,184
210,343,-366,-335
-489,62,414,-65
-34,-364,217,359
501,68,-491,-63
-145,342,-44,-339
-454,-193,505,188
313,-273,-134,266
342,286,-458,-281
-429,169,295,-168
-188,-346,353,339
493,-44,-422,50
12,369,-201,-360
-501,-87,499,84
167,-339,18,330
437,210,-502,-202
-323,261,161,-257
-321,-303,445,296
442,-150,-322,151
164,352,-333,-350
-498,31,441,-32
13,-364,175,360
493,100,-500,-95
-190,326,3,-322
-431,-222,505,212
345,-249,-188,244
307,308,-436,-305
-451,139,341,-135
-140,-357,311,353
498,-4,-448,9
-38,363,-153,-358
-489,-124,506,119
215,-320,-29,321
416,234,-496,-232
-362,233,205,-229
-285,-313,420,304
458,-120,-358,119
113,358,-292,-352
-503,-8,465,5
68,-359,129,352
483,135,-512,-132
-236,312,52,-305
-398,-247,492,243
379,-221,-230,219
263,323,-403,-318
-471,106,377,-103
-91,-359,271,352
503,26,-473,-23
-89,352,-103,-350
-476,-155,508,149
257,-302,-81,296
382,260,-485,-254
-397,207,252,-203
-237,-325,393,323
481,-90,-389,91
68,362,-250,-354
-504,-44,480,37
113,-349,78,341
467,172,-511,-162
-278,282,106,-284
-373,-272,472,265
411,-185,-275,187
223,342,-374,-334
-486,66,406,-67
-45,-364,231,357
499,66,-488,-59
-135,340,-57,-334
-455,-190,511,181
297,-274,-129,272
349,285,-461,-283
-420,172,295,-174
-198,-347,357,344
493,-52,-422,54
22,367,-212,-360
-499,-79,495,77
158,-333,32,330
442,194,-498,-190
-322,270,151,-265
-328,-292,445,284
440,-162,-315,163
171,350,-335,-345
-496,29,435,-36
4,-357,179,349
497,94,-497,-90
-176,328,-1,-322
-435,-209,501,207
331,-252,-177,253
310,297,-439,-293
-452,147,332,-145
-143,-354,317,350
507,-22,-449,21
-31,362,-160,-358
-494,-104,507,105
206,-319,-20,314
414,224,-498,-221
-357,237,200,-235
-286,-317,431,308
456,-124,-356,124
130,354,-307,-350
-506,0,461,1
52,-356,136,351
486,128,-505,-129
-225,316,48,-309
-402,-239,493,237
376,-225,-224,223
266,317,-412,-312
-470,110,369,-106
-100,-361,277,357
500,16,-466,-17
-81,356,-114,-354
-475,-139,509,134
255,-304,-71,302
386,250,-484,-247
-386,209,250,-207
-245,-332,398,328
472,-89,-388,91
73,365,-260,-359
-505,-37,479,32
108,-349,82,345
466,163,-509,-158
-269,287,100,-284
-368,-267,472,261
401,-195,-265,194
228,340,-381,-333
-486,79,400,-76
-53,-365,239,357
502,49,-484,-49
-128,342,-64,-339
-456,-175,505,171
290,-281,-119,278
355,279,-466,-274
-417,180,287,-181
-199,-341,366,339
489,-61,-417,62
24,367,-213,-361
-502,-73,491,70
152,-339,40,331
449,195,-504,-193
-313,267,143,-263
-342,-287,453,287
433,-163,-309,164
187,344,-345,-343
-500,35,426,-40
0,-362,189,358
501,92,-496,-89
-179,330,-7,-329
-436,-207,503,204
327,-258,-172,257
319,305,-446,-298
-440,152,331,-149
-160,-358,323,348
501,-21,-439,26
-26,361,-164,-356
-490,-105,497,103
206,-327,-13,324
419,223,-499,-222
-352,243,195,-242
-300,-310,429,303
452,-130,-350,129
135,356,-304,-352
-500,2,456,-2
46,-364,143,361
486,134,-503,-126
-220,318,39,-310
-408,-241,491,233
370,-233,-213,226
275,319,-421,-317
-468,117,361,-112
-107,-366,289,361
503,16,-469,-16
-71,359,-114,-353
-479,-143,507,137
239,-305,-67,306
391,254,-484,-247
-381,213,246,-212
-253,-331,404,323
478,-97,-387,94
83,367,-267,-356
-503,-33,473,27
95,-353,94,350
470,160,-510,-155
-262,289,87,-291
-379,-266,477,259
401,-196,-261,197
229,338,-379,-326
-483,79,401,-78
-62,-363,238,355
502,46,-483,-49
-118,345,-65,-340
-458,-173,505,171
287,-282,-117,280
359,277,-468,-269
-420,188,283,-188
-209,-343,370,334
492,-66,-411,67
35,368,-221,-359
-497,-72,491,70
138,-340,43,334
448,190,-509,-185
-304,277,141,-270
-335,-287,455,279
429,-177,-303,170
188,348,-348,-341
-503,49,427,-45
-14,-363,201,358
500,83,-497,-81
-168,335,-21,-333
-436,-206,502,197
323,-262,-163,261
326,297,-448,-292
-439,154,320,-154
-164,-351,334,347
502,-27,-437,28
-17,363,-169,-355
-496,-102,499,100
188,-326,-9,320
426,220,-496,-211
-345,247,183,-248
-304,-307,431,302
454,-137,-335,141
143,355,-314,-354
-501,9,449,-12
41,-360,154,355
488,118,-502,-113
-217,316,28,-318
-410,-228,486,226
363,-235,-202,237
281,317,-419,-314
-465,118,357,-116
-120,-365,295,357
504,11,-465,-8
-61,361,-127,-353
-483,-135,505,130
235,-309,-55,303
399,246,-486,-240
-373,216,228,-219
-262,-322,409,318
471,-102,-371,108
90,360,-277,-355
-507,-27,470,23
88,-347,102,345
477,154,-509,-148
-256,294,83,-294
-384,-260,482,252
390,-206,-252,203
241,333,-392,-326
-477,86,393,-86
-71,-366,253,355
506,47,-487,-42
-109,348,-74,-336
-465,-170,511,166
274,-286,-111,280
363,271,-473,-270
-406,193,271,-185
-219,-344,376,333
487,-68,-405,69
47,367,-227,-360
-503,-61,492,56
132,-343,51,342
451,183,-508,-181
-293,277,130,-274
-343,-281,455,278
422,-177,-293,175
193,340,-357,-339
-497,51,426,-50
-16,-355,203,355
502,84,-496,-79
-167,329,-24,-333
-443,-201,501,198
321,-267,-151,267
332,292,-449,-288
-433,162,310,-161
-175,-347,337,342
494,-32,-430,34
-3,362,-187,-358
-495,-95,502,92
180,-333,11,327
433,214,-502,-209
-339,249,174,-249
-311,-305,438,299
451,-135,-330,140
147,354,-322,-349
-501,14,442,-16
28,-365,158,355
493,112,-499,-108
-208,323,20,-319
-416,-226,496,222
358,-236,-199,239
285,314,-422,-307
-459,122,354,-124
-124,-358,296,351
508,1,-458,-1
-54,356,-137,-355
-485,-130,503,126
225,-310,-44,309
401,247,-490,-238
-373,224,227,-223
-273,-326,413,317
471,-113,-375,114
103,363,-276,-352
-504,-13,468,13
85,-354,109,345
474,142,-512,-138
-252,301,68,-301
-387,-250,487,248
388,-212,-241,212
253,328,-393,-322
-480,93,382,-93
-81,-365,256,357
508,39,-476,-35
-103,349,-89,-346
-478,-164,510,158
273,-290,-97,287
376,265,-472,-261
-400,197,266,-192
-225,-336,380,331
483,-74,-403,76
53,366,-235,-359
-506,-53,485,51
126,-346,62,342
457,177,-505,-173
-290,278,121,-279
-356,-278,459,271
422,-181,-290,181
203,342,-357,-336
-493,62,414,-58
-28,-365,214,354
502,69,-491,-71
-148,341,-36,-331
-446,-193,505,189
310,-267,-140,267
333,286,-460,-279
-429,162,301,-162
-185,-345,347,338
498,-39,-427,38
6,362,-191,-357
-492,-89,496,87
172,-332,14,330
435,209,-499,-203
-332,256,166,-254
-321,-301,437,292
445,-147,-326,148
159,353,-323,-348
-499,22,443,-28
20,-363,166,357
491,103,-501,-97
-197,327,16,-320
-417,-222,499,216
346,-243,-194,244
297,313,-435,-307
-455,131,345,-130
-135,-356,309,346
501,-2,-454,4
-45,354,-143,-345
-483,-125,504,120
216,-314,-39,310
409,235,-492,-233
-364,231,211,-230
-274,-319,416,310
461,-116,-357,119
112,364,-286,-355
-505,-16,463,13
68,-355,117,354
481,142,-507,-142
-243,306,61,-299
-390,-248,481,246
380,-220,-230,213
254,330,-400,-325
-474,95,380,-97
-83,-364,271,361
508,32,-481,-26
-99,350,-96,-351
-470,-155,512,148
265,-292,-90,287
376,261,-478,-257
-400,203,259,-193
-232,-336,384,334
483,-82,-396,82
61,364,-245,-363
-507,-53,483,47
117,-341,75,339
464,174,-507,-172
-284,276,116,-275
-357,-276,466,268
408,-179,-281,179
214,342,-370,-334
-485,56,409,-55
-40,-364,220,357
504,74,-491,-71
-145,344,-40,-334
-452,-192,504,186
305,-277,-133,273
337,291,-459,-285
-425,170,296,-170
-184,-353,345,343
493,-45,-420,44
11,365,-192,-355
-503,-87,494,84
167,-325,20,324
445,205,-505,-201
-323,254,162,-252
-322,-298,444,291
438,-156,-320,154
165,356,-331,-347
-501,25,439,-32
8,-364,171,355
498,102,-498,-97
-187,327,9,-320
-424,-217,494,216
339,-248,-182,247
305,316,-433,-311
-450,136,335,-136
-146,-362,314,357
503,-12,-449,11
-37,362,-152,-353
-485,-118,505,113
212,-318,-33,312
405,235,-495,-226
-359,232,210,-232
-278,-311,423,308
463,-127,-357,122
117,358,-292,-354
-507,0,463,4
61,-362,127,354
482,133,-507,-129
-233,310,52,-308
-398,-243,488,239
380,-223,-229,222
262,325,-407,-320
-474,104,374,-103
-92,-359,273,355
507,23,-471,-22
-84,349,-104,-346
-476,-147,505,148
256,-297,-79,293
379,260,-483,-256
-395,204,253,-204
-242,-334,398,329
480,-88,-392,87
74,363,-253,-361
-504,-42,482,39
109,-352,79,346
462,168,-511,-165
-276,291,102,-286
-365,-269,474,269
410,-192,-272,191
220,342,-374,-333
-491,67,410,-70
-45,-370,225,360
503,71,-490,-66
-132,344,-57,-337
-456,-190,506,180
295,-276,-121,273
351,282,-462,-276
-422,177,292,-174
-198,-348,358,340
494,-48,-425,51
24,363,-205,-357
-505,-82,495,72
154,-335,34,333
443,198,-505,-190
-315,266,150,-261
-326,-293,453,286
433,-161,-317,158
179,351,-337,-344
-495,38,431,-36
-1,-366,179,356
498,100,-499,-95
-184,328,-2,-324
-432,-221,505,212
331,-251,-173,251
313,302,-436,-301
-444,151,332,-146
-151,-358,315,351
504,-17,-443,19
-32,362,-160,-358
-489,-115,503,110
205,-319,-24,318
415,226,-503,-221
-355,241,202,-233
-291,-312,425,309
461,-125,-354,123
128,356,-292,-355
-504,-4,462,-2
56,-358,133,358
488,131,-509,-129
-233,310,45,-311
-406,-242,492,240
375,-224,-220,224
270,321,-406,-315
-468,113,368,-114
-103,-362,276,357
502,20,-470,-16
-80,351,-115,-348
-472,-146,508,142
248,-294,-70,293
387,249,-479,-244
-385,208,242,-209
-249,-329,397,324
477,-95,-386,92
74,365,-261,-363
-505,-37,481,35
105,-350,89,345
466,163,-509,-155
-274,292,91,-287
-369,-268,474,261
403,-196,-264,195
232,337,-373,-332
-482,76,400,-78
-58,-363,237,359
502,53,-489,-51
-127,350,-64,-342
-454,-182,511,179
289,-281,-126,275
355,283,-462,-279
-419,176,289,-177
-206,-343,365,341
490,-61,-421,63
29,364,-217,-362
-497,-66,498,64
148,-340,40,335
446,187,-507,-187
-307,273,138,-268
-334,-288,456,281
425,-166,-303,166
180,348,-345,-342
-496,40,433,-38
1,-359,188,357
503,88,-500,-88
-182,331,-10,-328
-435,-206,505,202
334,-261,-168,254
316,296,-450,-295
-447,154,326,-148
-158,-350,327,351
502,-21,-439,25
-24,361,-165,-358
-491,-114,505,103
200,-322,-12,317
421,225,-499,-216
-347,246,193,-242
-299,-314,426,310
457,-131,-350,132
134,363,-306,-358
-504,-1,458,-6
43,-358,143,350
485,122,-504,-118
-215,310,40,-307
-408,-234,493,229
366,-230,-218,230
275,321,-421,-310
-465,113,365,-116
-110,-360,290,354
506,21,-468,-19
-72,354,-117,-353
-478,-146,510,145
245,-307,-63,301
392,257,-489,-250
-385,211,233,-207
-255,-326,401,318
474,-96,-380,99
84,358,-258,-350
-505,-32,475,29
94,-352,92,345
472,164,-507,-158
-264,293,86,-293
-377,-268,480,260
403,-203,-259,200
235,341,-388,-333
-487,83,395,-80
-62,-370,242,364
505,49,-485,-46
-115,348,-66,-343
-459,-171,510,168
280,-283,-110,279
355,279,-471,-274
-414,185,277,-181
-209,-347,372,341
489,-67,-413,65
35,367,-219,-362
-499,-66,488,65
146,-342,42,335
448,188,-501,-183
-305,273,135,-268
-342,-284,454,282
427,-168,-298,168
189,343,-349,-344
-497,46,425,-46
-11,-359,199,354
500,86,-496,-81
-168,330,-19,-322
-433,-205,505,204
318,-258,-165,254
325,299,-443,-293
-433,149,319,-148
-171,-355,329,340
502,-30,-436,30
-17,364,-174,-359
-495,-98,499,97
192,-327,-6,327
423,223,-494,-216
-343,251,186,-247
-303,-312,430,304
450,-145,-344,140
145,358,-310,-353
-504,17,449,-14
39,-359,151,352
492,115,-500,-114
-214,319,31,-311
-414,-235,492,230
360,-238,-202,237
284,320,-421,-314
-462,122,353,-123
-119,-359,296,352
508,8,-463,-8
-62,354,-133,-345
-486,-136,508,133
238,-307,-54,301
399,247,-487,-241
-382,222,230,-220
-266,-326,410,316
472,-106,-373,106
94,364,-273,-354
-504,-23,471,19
87,-357,99,350
470,152,-511,-146
-252,301,80,-294
-383,-255,487,255
397,-209,-251,203
243,332,-390,-327
-479,85,388,-86
-70,-369,248,358
499,49,-483,-42
-105,351,-79,-344
-472,-171,513,162
276,-293,-101,287
371,273,-474,-264
-410,193,278,-190
-216,-338,375,333
486,-67,-415,70
41,361,-226,-356
-506,-58,487,55
136,-340,56,337
458,181,-510,-175
-297,274,126,-277
-349,-283,461,278
423,-175,-294,173
195,348,-352,-336
-490,56,417,-57
-19,-365,210,358
502,74,-494,-70
-163,336,-30,-335
-443,-201,501,198
319,-269,-150,261
324,301,-445,-294
-434,160,307,-159
-175,-353,342,345
497,-30,-436,39
-9,364,-184,-358
-491,-99,501,92
183,-327,3,324
432,215,-505,-206
-331,251,177,-247
-314,-310,443,298
450,-139,-340,139
149,357,-316,-353
-504,14,454,-17
30,-360,160,357
486,111,-506,-109
-206,322,21,-318
-413,-231,495,226
356,-238,-198,242
290,315,-428,-311
-455,128,356,-127
-128,-360,299,350
501,2,-464,-1
-53,360,-131,-350
-485,-132,504,124
228,-311,-45,308
402,241,-495,-235
-372,224,221,-222
-270,-323,416,316
469,-110,-366,108
103,367,-281,-360
-503,-23,467,19
78,-357,114,352
477,150,-510,-140
-250,305,75,-296
-389,-256,483,246
388,-216,-245,211
250,333,-400,-328
-476,90,386,-92
-81,-365,259,360
508,42,-482,-42
-101,346,-85,-344
-468,-164,513,164
269,-287,-97,285
369,264,-471,-261
-402,198,266,-196
-225,-341,378,334
484,-77,-402,79
54,370,-238,-365
-503,-62,484,55
127,-345,62,341
456,181,-505,-175
-292,285,121,-284
-351,-278,465,278
419,-183,-288,186
200,344,-365,-342
-493,56,414,-57
-24,-362,217,357
502,70,-490,-69
-156,335,-37,-337
-443,-191,508,190
317,-273,-141,271
329,299,-461,-289
-434,163,307,-162
-180,-353,345,346
499,-37,-432,39
3,362,-186,-359
-494,-84,498,86
176,-337,11,332
430,203,-503,-203
-329,263,166,-262
-319,-296,441,293
444,-155,-323,151
159,354,-324,-345
-502,21,440,-24
22,-362,170,354
494,112,-504,-102
-196,325,11,-321
-422,-226,499,219
348,-244,-194,244
294,310,-426,-305
-459,133,342,-136
-132,-359,306,353
504,-7,-451,8
-45,360,-146,-355
-483,-120,507,123
221,-313,-39,309
404,232,-488,-233
-367,230,212,-229
-278,-323,415,316
465,-118,-363,121
113,365,-282,-359
-508,-12,466,10
73,-357,110,353
480,147,-504,-144
-240,304,61,-304
-392,-250,482,248
382,-218,-232,215
254,324,-396,-318
-480,102,377,-96
-84,-363,266,359
502,37,-476,-35
-89,348,-97,-347
-469,-158,512,151
266,-297,-91,291
376,260,-479,-258
-404,200,261,-198
-233,-333,384,331
485,-77,-394,79
62,363,-243,-355
-510,-50,485,48
121,-347,72,343
464,173,-511,-172
-286,287,114,-285
-359,-276,468,270
416,-185,-285,183
210,340,-366,-335
-491,62,409,-61
-34,-367,225,361
499,65,-491,-67
-142,346,-46,-337
-450,-188,511,185
304,-275,-138,270
338,289,-457,-282
-427,172,301,-170
-185,-348,343,348
498,-47,-430,48
11,356,-194,-358
-500,-78,500,74
167,-335,25,329
436,199,-500,-197
-325,265,159,-262
-322,-298,440,296
438,-152,-323,156
168,356,-329,-349
-495,33,438,-31
11,-367,177,360
493,98,-499,-98
-192,324,1,-320
-427,-219,504,210
341,-243,-187,240
303,307,-437,-298
-451,141,343,-140
-140,-360,311,352
505,-14,-451,17
-34,363,-150,-353
-490,-120,504,116
212,-315,-30,309
408,226,-495,-227
-366,235,206,-231
-282,-307,421,306
463,-124,-355,122
124,360,-291,-356
-504,-9,461,6
58,-357,129,356
484,134,-511,-131
-233,306,55,-305
-397,-245,484,240
378,-219,-229,219
257,332,-404,-320
-472,99,374,-102
-95,-366,273,355
508,25,-470,-23
-82,352,-100,-350
-476,-147,505,147
255,-298,-74,294
384,257,-484,-256
-393,203,247,-200
-246,-331,395,330
480,-84,-395,89
73,367,-249,-363
-506,-43,484,37
111,-355,78,350
467,169,-509,-164
-277,283,101,-283
-367,-270,469,263
407,-185,-269,183
220,342,-373,-331
-485,70,409,-70
-49,-371,226,363
505,61,-491,-59
-130,344,-54,-339
-457,-184,505,180
299,-278,-123,272
345,281,-460,-276
-421,180,291,-175
-198,-345,358,343
490,-53,-425,50
27,369,-205,-363
-505,-82,497,77
156,-336,27,332
447,198,-498,-191
-317,265,150,-264
-327,-289,447,287
431,-165,-313,159
176,351,-341,-343
-497,37,434,-36
1,-365,185,358
498,92,-499,-91
-180,332,-6,-326
-435,-219,500,209
336,-248,-172,247
310,308,-434,-300
-447,144,331,-141
-148,-353,318,347
500,-22,-449,24
-27,361,-161,-358
-495,-112,503,108
205,-320,-24,320
416,229,-494,-225
-352,238,199,-237
-291,-318,430,308
457,-125,-350,125
127,362,-304,-355
-502,-4,456,4
57,-358,135,352
483,133,-508,-127
-225,310,48,-309
-407,-239,488,239
369,-224,-217,224
271,320,-411,-316
-469,111,367,-110
-102,-366,284,354
504,22,-471,-19
-78,357,-110,-353
-474,-146,514,145
248,-302,-75,301
386,249,-492,-245
-388,211,248,-210
-249,-328,395,323
476,-94,-386,95
76,368,-257,-361
-500,-35,478,31
106,-353,91,346
470,163,-512,-157
-272,295,97,-288
-375,-271,474,263
403,-196,-265,195
227,337,-379,-331
-485,73,398,-73
-55,-359,239,354
506,56,-485,-51
-129,339,-62,-340
-459,-177,507,171
297,-278,-121,283
354,277,-468,-273
-420,181,289,-182
-206,-347,363,339
492,-54,-416,58
30,368,-209,-362
-500,-75,490,70
147,-341,34,337
446,192,-502,-190
-309,272,145,-269
-333,-287,454,285
427,-170,-310,168
178,349,-350,-345
-492,40,432,-36
-6,-363,192,355
500,96,-495,-90
-171,330,-11,-323
-437,-210,503,204
324,-259,-170,252
320,299,-443,-298
-440,153,326,-147
-161,-355,323,351
499,-17,-442,24
-17,366,-164,-360
-496,-111,505,101
196,-332,-12,326
426,221,-498,-220
-351,244,191,-245
-299,-308,427,308
459,-130,-350,132
133,356,-307,-351
-506,6,454,-10
47,-357,146,355
488,123,-507,-118
-222,316,40,-313
-409,-240,499,235
366,-228,-218,227
277,326,-418,-314
-462,108,362,-115
-112,-363,289,355
507,17,-466,-11
-71,356,-121,-354
-479,-142,509,139
242,-308,-66,302
391,257,-486,-248
-379,214,235,-208
-264,-331,405,323
477,-98,-380,96
87,364,-261,-360
-504,-28,477,29
93,-354,91,349
470,157,-508,-154
-262,293,84,-290
-378,-264,479,257
398,-198,-260,198
238,337,-387,-333
-481,79,398,-79
-66,-364,242,358
504,50,-483,-52
-118,346,-71,-334
-463,-175,513,171
286,-281,-114,277
364,270,-467,-263
-419,186,282,-185
-209,-335,368,333
491,-64,-413,62
35,361,-223,-359
-504,-68,491,65
144,-341,44,337
452,191,-507,-186
-311,275,133,-272
-339,-291,466,284
431,-171,-299,169
185,344,-353,-341
-493,48,425,-48
-10,-358,197,356
499,87,-492,-81
-168,332,-24,-329
-441,-204,503,201
322,-260,-160,260
323,295,-447,-290
-435,155,316,-157
-167,-353,336,341
496,-30,-436,33
-12,364,-179,-359
-493,-104,498,102
188,-327,0,326
429,224,-500,-218
-343,248,183,-243
-303,-307,432,300
448,-137,-339,139
138,353,-303,-351
-496,11,450,-16
40,-359,148,356
488,117,-508,-118
-211,319,26,-310
-413,-236,495,230
355,-236,-205,231
280,321,-422,-311
-457,124,363,-120
-116,-361,294,355
502,7,-462,-6
-60,359,-128,-353
-481,-136,505,128
230,-309,-57,307
395,245,-488,-235
-374,220,234,-222
-263,-327,405,320
472,-106,-376,105
100,367,-272,-364
-508,-24,473,22
88,-355,99,353
474,153,-509,-145
-263,298,83,-296
-384,-257,484,251
396,-211,-254,211
245,336,-394,-329
-478,92,396,-96
-71,-368,250,361
502,44,-483,-39
-106,348,-75,-344
-467,-170,504,166
273,-289,-106,287
368,271,-474,-270
-405,190,273,-189
-214,-336,377,336
479,-67,-406,67
41,363,-227,-361
-502,-65,493,60
139,-341,54,337
459,188,-511,-178
-299,274,130,-272
-347,-289,459,279
419,-171,-289,173
196,351,-360,-345
-492,49,420,-52
-19,-364,205,360
499,83,-501,-75
-160,333,-21,-331
-442,-203,504,195
318,-266,-155,263
331,293,-446,-290
-437,157,318,-159
-174,-350,335,346
501,-30,-438,31
-8,369,-181,-361
-497,-99,501,98
185,-330,2,327
434,214,-506,-206
-341,251,178,-249
-313,-303,436,294
452,-141,-331,142
150,359,-312,-354
-500,13,448,-14
29,-368,159,363
488,117,-504,-117
-206,324,21,-321
-416,-233,495,229
353,-237,-202,238
290,312,-426,-310
-456,129,353,-127
-126,-360,296,355
508,4,-462,0
-53,361,-133,-356
-484,-138,512,128
225,-308,-45,307
400,242,-490,-238
-373,223,220,-225
-272,-319,413,321
469,-108,-370,108
101,359,-279,-354
-501,-19,466,18
81,-359,107,350
479,145,-504,-145
-249,307,71,-300
-390,-254,485,254
388,-208,-247,203
243,328,-394,-321
-474,87,388,-90
-76,-362,256,354
506,40,-480,-36
-101,349,-88,-344
-468,-163,509,159
270,-291,-92,290
368,271,-471,-261
-404,201,260,-198
-229,-341,385,333
487,-80,-404,77
57,361,-237,-360
-503,-55,487,54
124,-342,57,340
459,176,-505,-172
-290,282,122,-279
-356,-279,465,270
418,-181,-290,183
204,345,-363,-335
-489,58,414,-60
-31,-368,214,357
499,77,-488,-73
-152,342,-36,-338
-444,-203,503,196
314,-270,-145,271
333,294,-452,-289
-430,169,305,-165
-179,-348,345,346
491,-44,-428,38
2,363,-191,-356
-496,-90,494,88
174,-335,12,326
437,208,-504,-212
-329,258,168,-252
-317,-301,444,303
443,-147,-325,144
160,356,-326,-347
-504,19,445,-18
23,-362,169,355
494,113,-504,-109
-201,321,12,-320
-421,-223,494,217
347,-243,-193,241
298,309,-430,-300
-452,130,349,-127
-136,-359,308,346
501,0,-453,2
-43,360,-146,-356
-487,-127,508,119
224,-313,-40,312
408,235,-496,-227
-369,232,216,-231
-278,-320,418,317
465,-117,-362,119
110,365,-288,-357
-505,-13,468,8
69,-357,117,351
478,143,-509,-137
-242,307,62,-305
-390,-257,485,251
381,-215,-233,217
258,330,-400,-326
-471,97,374,-100
-87,-366,263,357
508,32,-474,-33
-102,357,-90,-343
-469,-158,512,159
262,-294,-90,287
377,263,-472,-263
-401,199,260,-202
-233,-335,380,334
484,-83,-401,86
57,365,-252,-359
-499,-49,485,45
121,-344,78,339
458,174,-505,-170
-286,281,114,-283
-361,-271,467,271
414,-187,-281,187
217,339,-368,-333
-493,66,409,-68
-37,-369,219,361
503,67,-492,-63
-142,342,-44,-340
-450,-188,507,184
303,-270,-132,270
342,285,-454,-276
-429,171,297,-172
-189,-352,350,342
493,-47,-428,52
12,367,-199,-364
-497,-83,496,77
168,-328,21,326
436,199,-505,-195
-321,254,164,-250
-319,-292,446,288
434,-155,-323,153
167,353,-331,-350
-499,28,440,-31
13,-365,177,361
493,102,-500,-97
-189,327,3,-321
-426,-220,492,213
341,-245,-183,240
305,310,-429,-299
-453,134,342,-135
-141,-359,312,349
503,-14,-450,14
-37,363,-158,-354
-488,-112,505,113
210,-319,-28,309
414,231,-498,-226
-361,233,210,-230
-279,-319,423,311
463,-119,-355,121
118,363,-292,-355
-507,-11,460,8
53,-360,130,353
483,139,-510,-134
-231,312,54,-307
-393,-248,486,238
375,-220,-229,220
264,323,-405,-317
-472,101,381,-102
-93,-361,271,358
502,26,-481,-24
-87,356,-97,-348
-469,-149,508,143
255,-296,-82,292
383,258,-478,-252
-393,198,252,-201
-245,-338,387,334
479,-82,-392,82
64,366,-244,-357
-499,-42,483,41
116,-350,80,338
462,169,-509,-166
-275,285,101,-283
-365,-271,471,264
406,-185,-273,189
218,337,-377,-329
-481,66,407,-71
-47,-364,229,363
500,65,-490,-58
-134,344,-50,-339
-457,-186,510,177
297,-277,-125,271
350,286,-466,-277
-422,172,288,-173
-193,-347,360,340
493,-49,-422,52
20,361,-203,-356
-501,-78,497,73
152,-338,28,333
444,198,-506,-195
-315,272,151,-259
-328,-295,449,288
439,-159,-314,155
169,351,-338,-340
-497,29,435,-37
10,-364,185,358
495,102,-497,-99
-184,326,-3,-324
-432,-216,498,215
332,-246,-181,244
313,298,-438,-294
-441,147,333,-141
-156,-359,318,351
497,-20,-439,21
-25,366,-160,-362
-494,-111,502,105
206,-321,-19,317
422,224,-496,-222
-354,239,199,-232
-289,-314,422,307
455,-125,-355,125
128,361,-295,-350
-506,-2,462,-1
51,-365,134,356
488,133,-508,-130
-229,315,47,-310
-402,-244,490,241
369,-224,-224,224
269,328,-410,-320
-463,109,364,-114
-102,-368,282,360
507,19,-465,-13
-79,359,-111,-352
-480,-149,511,140
249,-304,-72,297
391,253,-483,-246
-390,209,241,-208
-254,-325,397,322
479,-94,-384,97
77,367,-261,-361
-501,-38,477,31
106,-352,89,349
468,163,-508,-161
-273,291,95,-289
-377,-265,472,267
405,-199,-263,199
230,344,-379,-335
-479,76,398,-78
-54,-369,235,360
502,49,-487,-53
-132,343,-60,-340
-456,-175,511,172
291,-281,-114,279
352,283,-470,-274
-413,178,287,-178
-207,-342,361,336
491,-59,-418,60
28,367,-210,-357
-502,-71,490,68
152,-341,35,334
448,197,-509,-191
-307,269,148,-269
-338,-294,456,288
431,-172,-306,169
179,352,-343,-344
-500,43,429,-43
-1,-360,191,354
500,93,-496,-86
-175,325,-12,-327
-428,-214,501,206
331,-255,-173,253
312,304,-442,-292
-446,150,330,-147
-154,-351,322,344
498,-26,-445,24
-25,360,-164,-355
-488,-105,503,103
196,-329,-14,319
420,224,-498,-220
-353,246,196,-241
-293,-314,425,307
458,-131,-348,132
132,361,-304,-351
-499,3,456,-6
46,-357,145,350
486,127,-506,-121
-219,314,41,-306
-409,-239,488,233
364,-233,-219,227
279,316,-416,-315
-461,118,372,-117
-112,-358,288,352
499,10,-471,-9
-69,357,-119,-347
-479,-140,508,136
239,-306,-64,299
392,253,-489,-248
-387,218,242,-212
-245,-331,404,327
478,-100,-384,96
84,362,-265,-361
-507,-32,472,30
92,-350,92,346
470,158,-506,-154
-266,298,91,-291
-376,-263,481,259
401,-201,-261,203
233,334,-390,-328
-486,77,396,-84
-54,-361,244,352
505,51,-480,-45
-120,348,-69,-342
-464,-177,509,173
287,-287,-110,285
355,279,-472,-276
-418,186,279,-185
-204,-345,369,340
491,-62,-416,62
38,371,-221,-361
-504,-68,491,62
141,-341,48,339
449,184,-503,-179
-305,272,134,-273
-341,-283,457,276
431,-173,-301,168
189,349,-354,-341
-497,48,425,-46
-13,-364,201,361
497,86,-495,-84
-166,335,-20,-327
-440,-206,505,200
328,-265,-158,259
323,299,-452,-292
-440,154,318,-153
-165,-355,335,349
497,-22,-437,25
-12,362,-178,-357
-496,-99,500,96
190,-324,3,321
427,215,-498,-213
-342,245,181,-243
-303,-309,432,307
452,-136,-345,134
139,359,-312,-353
-501,8,449,-13
36,-365,153,355
489,118,-504,-112
-208,321,29,-321
-414,-230,496,228
354,-236,-206,240
284,317,-419,-311
-457,123,356,-121
-121,-357,296,351
504,7,-461,-7
-60,355,-130,-350
-482,-136,507,132
234,-312,-55,307
398,241,-491,-237
-374,225,229,-224
-263,-323,410,314
467,-108,-374,106
95,366,-272,-357
-506,-23,467,27
91,-359,108,351
474,154,-510,-149
-260,302,76,-298
-379,-260,482,249
393,-207,-253,204
241,332,-390,-320
-479,88,393,-85
-68,-366,254,356
499,40,-482,-37
-113,354,-79,-352
-463,-166,510,163
277,-296,-103,291
370,275,-475,-271
-404,192,273,-190
-222,-341,373,336
481,-67,-407,70
47,364,-224,-361
-501,-63,487,61
132,-340,49,339
456,186,-510,-178
-297,277,132,-272
-346,-285,468,277
424,-176,-293,174
197,345,-361,-338
-494,53,420,-55
-22,-363,207,356
500,75,-495,-74
-159,336,-36,-333
-441,-201,507,191
319,-264,-145,260
332,299,-455,-287
-437,157,316,-154
-178,-351,337,346
498,-32,-436,36
-7,363,-181,-359
-495,-97,501,93
183,-333,6,327
433,218,-505,-216
-333,251,175,-246
-311,-305,436,296
447,-144,-331,142
146,352,-315,-343
-499,19,446,-22
27,-358,161,356
488,116,-509,-111
-205,315,21,-313
-413,-230,498,224
357,-240,-196,238
288,320,-428,-310
-459,125,347,-125
-127,-358,303,353
506,5,-459,-3
-54,355,-131,-353
-482,-133,507,125
226,-315,-50,310
396,244,-490,-236
-374,227,224,-226
-262,-322,412,319
470,-111,-374,113
101,363,-282,-356
-504,-17,472,14
80,-357,106,352
473,146,-507,-143
-251,303,74,-305
-385,-252,486,252
386,-213,-246,212
247,329,-399,-322
-473,95,390,-95
-81,-368,258,358
508,40,-477,-34
-99,355,-85,-348
-474,-169,512,162
274,-295,-100,284
371,266,-479,-260
-405,198,266,-195
-226,-335,383,328
482,-77,-396,82
59,365,-237,-363
-503,-51,480,52
124,-348,62,345
461,174,-510,-172
-296,284,121,-280
-353,-278,465,272
417,-181,-290,178
201,344,-360,-338
-488,56,420,-60
-28,-362,217,360
498,75,-497,-69
-147,338,-37,-336
-445,-196,509,192
310,-274,-145,268
333,292,-457,-287
-430,166,305,-166
-178,-348,342,343
495,-40,-426,41
2,364,-189,-359
-496,-88,497,89
172,-335,13,327
436,210,-503,-202
-328,255,168,-254
-316,-301,442,294
443,-145,-328,146
155,351,-330,-346
-496,22,445,-20
17,-360,168,356
494,108,-500,-107
-200,323,16,-318
-420,-224,502,219
351,-244,-196,240
297,309,-433,-305
-452,133,349,-134
-142,-358,303,358
501,1,-453,4
-48,360,-146,-356
-485,-128,505,122
222,-316,-36,312
411,240,-494,-233
-366,223,220,-227
-276,-316,415,311
463,-117,-363,113
111,357,-286,-350
-503,-5,465,7
69,-358,120,354
478,142,-509,-133
-244,305,63,-304
-391,-249,488,244
383,-220,-238,216
257,327,-401,-319
-478,101,383,-104
-83,-365,267,356
504,32,-478,-28
-96,354,-97,-344
-466,-157,509,155
263,-298,-90,292
375,264,-478,-258
-398,200,261,-202
-234,-335,394,328
479,-79,-398,83
62,363,-249,-356
-503,-47,484,40
118,-347,69,342
464,172,-512,-166
-283,286,111,-282
-358,-277,473,271
414,-189,-281,185
207,343,-368,-337
-493,67,415,-62
-38,-360,221,357
501,68,-493,-71
-141,332,-45,-329
-446,-187,510,186
303,-276,-141,268
344,285,-456,-278
-425,177,304,-175
-188,-345,355,338
491,-49,-424,53
7,364,-207,-362
-497,-86,495,86
164,-333,17,332
443,211,-506,-206
-324,255,165,-256
-323,-300,445,293
439,-152,-317,153
164,356,-331,-349
-498,24,442,-28
13,-364,173,354
497,105,-503,-96
-190,326,8,-317
-425,-220,495,210
346,-251,-183,245
299,309,-435,-301
-455,142,339,-140
-139,-357,314,353
500,-13,-450,12
-41,362,-149,-358
-486,-121,502,116
215,-321,-30,316
412,234,-499,-230
-360,236,209,-232
-280,-317,425,315
464,-117,-357,124
112,363,-291,-358
-507,-11,463,0
64,-357,128,356
483,136,-514,-134
-231,305,49,-306
-398,-244,490,243
373,-223,-224,218
266,328,-404,-322
-473,107,372,-104
-98,-363,273,359
503,26,-471,-24
-84,350,-108,-345
-474,-151,508,148
260,-298,-79,294
380,258,-478,-253
-391,204,255,-204
-235,-332,384,322
477,-86,-389,90
67,363,-248,-357
-508,-42,477,38
110,-347,80,343
463,166,-510,-164
-272,285,106,-281
-366,-270,471,267
408,-187,-272,185
216,338,-376,-332
-485,69,406,-71
-45,-365,231,357
495,62,-488,-58
-128,348,-56,-340
-455,-187,510,182
299,-277,-125,274
350,279,-468,-272
-420,177,290,-174
-198,-342,361,335
491,-58,-420,54
23,368,-208,-358
-504,-80,497,79
156,-335,33,328
445,201,-509,-195
-315,260,147,-258
-330,-296,453,288
435,-154,-313,153
173,350,-334,-346
-496,33,432,-32
6,-363,184,357
496,95,-504,-92
-181,331,-9,-326
-430,-216,507,213
334,-253,-175,250
306,303,-434,-301
-445,149,334,-147
-153,-357,320,348
505,-17,-447,23
-24,366,-164,-353
-491,-118,503,106
204,-325,-24,316
417,228,-500,-221
-356,241,201,-235
-293,-311,431,303
461,-127,-350,129
125,357,-299,-351
-502,-1,463,0
53,-360,133,355
486,134,-505,-136
-228,315,44,-310
-403,-241,487,237
371,-231,-227,228
268,320,-411,-311
-466,116,373,-115
-105,-361,278,357
508,19,-468,-17
-78,351,-113,-350
-475,-150,512,144
247,-302,-68,298
384,261,-482,-255
-386,206,241,-207
-252,-331,393,324
482,-90,-385,94
77,366,-256,-357
-502,-33,479,33
106,-355,85,348
462,160,-512,-162
-270,291,96,-286
-374,-261,473,263
402,-196,-262,195
229,331,-376,-328
-483,76,394,-78
-56,-367,237,355
504,61,-482,-58
-125,348,-55,-341
-462,-182,503,179
294,-282,-124,280
357,279,-466,-276
-418,181,286,-181
-205,-346,365,343
488,-60,-416,62
30,370,-211,-362
-503,-70,494,68
154,-339,38,336
448,195,-509,-195
-313,269,142,-268
-337,-298,448,291
430,-167,-303,164
185,352,-337,-347
-496,38,426,-38
-1,-359,192,357
499,92,-501,-85
-179,331,-13,-328
-432,-211,503,202
327,-254,-170,255
313,299,-439,-299
-448,144,329,-146
-160,-351,323,349
504,-19,-438,25
-15,361,-167,-359
-487,-113,499,106
192,-320,-11,320
422,225,-502,-222
-350,246,195,-240
-299,-313,429,305
456,-134,-349,130
132,359,-302,-354
-502,0,453,1
45,-355,144,353
487,125,-510,-122
-219,310,38,-306
-408,-233,495,225
369,-227,-212,221
280,316,-416,-307
-466,113,364,-113
-115,-363,289,359
506,21,-472,-14
-70,354,-117,-353
-484,-144,507,138
242,-305,-62,303
395,246,-485,-243
-382,223,234,-224
-258,-327,403,322
476,-99,-384,100
89,361,-260,-354
-506,-33,475,35
93,-347,91,346
471,158,-506,-157
-266,293,88,-291
-375,-263,478,255
401,-201,-258,195
230,329,-385,-328
-481,79,394,-80
-58,-362,248,359
503,53,-485,-44
-122,345,-75,-338
-461,-169,509,166
285,-286,-111,281
357,273,-469,-269
-410,191,278,-187
-213,-345,374,336
489,-58,-411,65
38,362,-219,-361
-502,-72,490,65
144,-338,42,336
445,187,-507,-185
-301,273,136,-267
-341,-286,459,281
425,-172,-304,172
190,347,-350,-342
-497,50,427,-49
-9,-365,199,358
502,82,-495,-82
-171,340,-21,-329
-439,-204,506,197
324,-265,-162,256
325,300,-449,-292
-440,154,323,-151
-167,-355,328,350
500,-30,-435,28
-12,359,-173,-356
-497,-100,503,102
193,-323,-6,319
427,221,-505,-218
-343,249,188,-246
-303,-308,433,303
447,-137,-340,136
144,357,-312,-348
-503,10,453,-9
42,-363,155,355
487,116,-509,-116
-218,318,31,-317
-411,-232,493,229
365,-234,-209,230
280,319,-420,-310
-462,120,360,-119
-116,-362,291,354
506,8,-462,-5
-62,358,-126,-355
-485,-135,506,131
236,-310,-52,306
395,250,-489,-243
-377,222,226,-215
-258,-331,404,325
471,-107,-371,103
91,364,-269,-360
-506,-20,472,17
84,-357,103,352
476,150,-509,-147
-256,305,83,-297
-377,-262,475,257
397,-211,-253,204
239,335,-386,-326
-485,92,388,-92
-72,-367,252,358
505,44,-482,-37
-109,350,-80,-344
-462,-174,508,167
275,-285,-101,283
368,272,-471,-267
-407,190,275,-188
-220,-339,380,334
483,-70,-406,66
45,366,-233,-358
-503,-63,482,61
137,-344,51,334
453,184,-508,-174
-297,280,131,-274
-348,-282,463,273
419,-177,-292,177
201,345,-352,-341
-493,51,415,-54
-18,-362,206,360
494,79,-494,-77
-157,337,-30,-329
-444,-203,506,195
315,-262,-152,255
337,295,-450,-288
-434,158,310,-157
-175,-350,343,345
498,-39,-437,42
-4,363,-183,-357
-498,-93,499,90
177,-327,4,325
428,212,-499,-211
-335,253,177,-254
-308,-299,439,298
451,-147,-335,147
155,354,-321,-351
-500,18,448,-22
23,-364,160,361
489,117,-504,-107
-203,320,22,-316
-417,-233,493,224
352,-238,-198,235
291,316,-426,-309
-455,131,352,-133
-125,-359,300,354
501,-1,-460,3
-55,359,-135,-353
-485,-134,505,125
226,-311,-45,308
404,240,-487,-233
-370,225,222,-224
-267,-323,410,317
467,-109,-372,112
99,368,-274,-357
-505,-25,468,14
82,-355,106,350
477,153,-505,-143
-252,298,74,-294
-389,-254,482,246
388,-211,-248,211
250,327,-396,-323
-481,95,387,-95
-75,-363,257,357
507,39,-478,-38
-101,348,-84,-340
-468,-164,510,157
268,-290,-97,287
370,266,-475,-261
-407,197,268,-194
-223,-336,380,333
483,-73,-403,76
50,357,-241,-358
-501,-57,484,48
133,-342,66,341
458,178,-505,-171
-295,281,118,-277
-356,-280,464,271
419,-177,-287,178
205,345,-363,-339
-493,58,415,-57
-25,-365,215,360
501,73,-491,-74
-150,338,-34,-330
-448,-193,505,186
312,-272,-145,267
335,292,-455,-285
-431,163,305,-164
-182,-351,343,350
492,-40,-428,41
3,365,-191,-362
-494,-90,497,84
174,-332,12,330
434,211,-508,-204
-330,256,168,-253
-316,-299,444,293
444,-153,-321,150
158,355,-323,-346
-500,25,440,-24
23,-362,167,357
491,105,-505,-105
-197,327,14,-323
-422,-228,497,216
347,-244,-189,241
301,311,-431,-303
-456,130,343,-126
-133,-351,306,352
501,-2,-452,1
-47,359,-139,-352
-489,-129,505,125
221,-318,-40,309
410,241,-498,-238
-367,233,213,-227
-278,-321,421,319
466,-120,-360,117
112,361,-289,-360
-508,-11,464,13
76,-360,118,351
479,141,-509,-138
-244,309,66,-302
-391,-249,490,244
375,-215,-239,215
255,327,-402,-319
-470,97,387,-97
-82,-364,261,359
507,31,-478,-29
-97,354,-93,-350
-471,-156,502,147
260,-298,-89,294
375,262,-476,-256
-396,201,259,-203
-234,-333,390,331
483,-84,-394,82
61,367,-246,-354
-505,-47,479,43
117,-346,72,345
462,172,-507,-168
-283,279,108,-278
-356,-275,473,270
409,-185,-280,183
213,345,-373,-338
-483,64,414,-70
-40,-367,222,359
497,68,-491,-62
-147,344,-43,-337
-446,-190,503,181
307,-274,-138,276
338,285,-456,-279
-423,168,298,-166
-187,-346,349,343
494,-46,-420,45
12,361,-196,-360
-502,-80,496,77
166,-333,19,331
439,201,-510,-198
-322,262,158,-261
-322,-298,453,294
437,-154,-317,154
165,355,-333,-347
-498,27,437,-29
13,-361,179,357
495,100,-504,-96
-188,320,3,-320
-426,-215,501,207
343,-245,-184,241
306,304,-435,-297
-452,137,335,-134
-148,-354,317,351
502,-10,-449,13
-38,358,-152,-355
-489,-117,507,111
212,-321,-31,314
411,238,-499,-230
-353,232,206,-228
-286,-321,422,312
466,-115,-354,118
120,359,-296,-352
-506,-9,464,4
59,-356,133,350
476,135,-508,-127
-230,308,48,-303
-396,-246,488,236
374,-221,-226,218
260,327,-405,-319
-470,104,375,-105
-92,-364,269,359
508,23,-471,-24
-91,352,-103,-350
-475,-149,506,151
262,-293,-81,294
380,259,-476,-252
-395,202,254,-202
-238,-335,388,326
478,-82,-395,81
69,365,-249,-359
-505,-48,485,43
111,-352,81,343
463,167,-513,-160
-276,290,99,-284
-362,-272,476,261
412,-186,-269,191
216,341,-371,-330
-494,69,406,-75
-44,-366,224,360
502,58,-491,-52
-133,341,-60,-340
-450,-178,512,176
293,-275,-121,272
345,281,-466,-275
-422,174,294,-173
-199,-344,359,335
497,-53,-419,55
25,361,-209,-355
-501,-76,495,74
156,-336,29,327
444,200,-504,-189
-319,267,151,-261
-332,-296,449,286
436,-163,-314,158
175,353,-338,-346
-496,30,434,-34
7,-363,177,356
498,101,-497,-94
-190,327,0,-325
-431,-211,500,212
338,-253,-172,252
310,301,-437,-301
-449,147,329,-142
-153,-358,322,350
507,-19,-448,22
-29,362,-164,-359
-492,-110,507,105
207,-319,-21,319
419,227,-496,-224
-357,238,195,-235
-293,-314,423,304
458,-126,-344,131
128,361,-300,-349
-503,-4,456,-6
53,-357,136,351
483,128,-505,-121
-227,310,46,-306
-398,-241,492,229
367,-224,-223,226
272,322,-412,-313
-470,109,367,-113
-102,-358,278,359
508,15,-467,-16
-76,358,-112,-356
-477,-148,515,141
240,-298,-76,298
389,257,-482,-246
-385,206,248,-207
-246,-326,398,326
475,-98,-385,93
80,359,-262,-358
-507,-35,481,37
101,-347,79,340
469,167,-511,-161
-270,293,102,-288
-368,-269,471,264
399,-198,-266,196
229,335,-376,-331
-483,76,403,-75
-53,-366,237,358
501,57,-487,-54
-132,347,-62,-340
-459,-180,503,172
292,-282,-121,281
359,279,-464,-269
-416,180,286,-183
-203,-343,367,336
492,-57,-419,59
24,362,-210,-360
-503,-71,497,70
149,-339,33,338
449,194,-508,-187
-312,271,144,-273
-336,-290,454,282
438,-168,-309,172
180,345,-346,-345
-493,42,432,-43
-9,-362,190,355
493,88,-499,-87
-172,336,-12,-327
-435,-209,504,205
330,-257,-166,261
318,301,-439,-296
-440,144,327,-153
-163,-353,321,347
499,-23,-442,29
-18,364,-167,-357
-491,-102,498,99
194,-325,-13,319
424,225,-493,-220
-350,237,189,-235
-296,-309,429,305
459,-132,-344,130
131,358,-305,-355
-501,9,456,-8
40,-366,143,359
487,123,-511,-117
-219,321,43,-314
-411,-238,492,231
372,-235,-221,229
277,324,-416,-315
-465,118,366,-115
-111,-360,290,350
506,16,-471,-14
-71,354,-116,-347
-479,-147,508,143
241,-308,-69,301
388,250,-479,-246
-380,219,239,-217
-254,-323,400,320
469,-99,-371,104
89,365,-269,-358
-504,-32,468,27
94,-354,95,350
474,154,-510,-154
-266,296,85,-295
-379,-260,480,255
400,-199,-256,200
236,334,-385,-324
-482,75,398,-82
-60,-365,243,360
501,53,-488,-51
-119,349,-67,-342
-462,-168,510,167
281,-286,-113,281
361,269,-468,-261
-411,185,277,-186
-212,-342,372,333
490,-65,-411,66
34,368,-222,-360
-501,-62,491,61
143,-341,47,337
449,189,-503,-186
-301,273,131,-271
-343,-288,455,279
424,-175,-300,173
190,348,-354,-335
-491,48,427,-48
-11,-365,201,359
499,87,-499,-84
-167,337,-15,-331
-441,-204,503,195
326,-263,-159,259
324,291,-444,-288
-438,157,316,-155
-165,-348,330,345
495,-31,-440,32
-13,365,-171,-358
-493,-104,500,98
192,-330,-3,328
425,223,-502,-215
-342,252,182,-250
-300,-310,436,303
446,-144,-341,140
141,359,-309,-355
-504,17,450,-10
36,-363,150,357
497,119,-501,-121
-211,319,24,-314
-416,-236,494,231
361,-237,-204,234
284,317,-423,-312
-459,120,359,-121
-119,-361,295,354
501,10,-463,-6
-63,360,-129,-351
-485,-134,509,128
236,-312,-53,304
401,249,-491,-237
-377,220,230,-218
-263,-325,407,314
470,-108,-375,108
92,361,-274,-354
-501,-19,471,23
89,-355,106,349
468,149,-509,-150
-257,299,79,-294
-380,-256,481,252
396,-206,-253,203
240,335,-391,-326
-478,86,393,-88
-70,-368,250,359
500,42,-482,-38
-109,352,-80,-346
-463,-168,509,163
276,-287,-105,285
365,272,-473,-266
-407,186,279,-188
-222,-338,374,335
487,-69,-406,71
46,368,-226,-361
-503,-63,484,60
133,-344,54,336
453,187,-507,-184
-299,274,127,-270
-347,-286,463,281
427,-175,-295,175
202,352,-359,-341
-496,52,424,-54
-20,-368,206,361
495,79,-494,-74
-160,333,-30,-332
-445,-203,505,193
319,-260,-152,258
329,295,-446,-288
-435,158,316,-158
-167,-352,335,346
492,-31,-436,39
-3,366,-187,-359
-496,-98,506,93
177,-328,3,325
431,216,-503,-215
-335,249,180,-246
-310,-309,437,300
450,-140,-337,140
152,356,-322,-348
-501,14,448,-19
26,-363,160,356
492,118,-505,-112
-204,323,23,-311
-417,-229,499,221
356,-237,-197,233
284,307,-427,-303
-458,125,351,-124
-126,-355,302,352
508,5,-464,-7
-57,361,-137,-356
-486,-128,507,123
228,-320,-48,314
400,239,-489,-232
-365,226,223,-225
-267,-321,411,316
468,-108,-367,114
97,365,-277,-359
-504,-21,470,18
79,-358,105,353
477,148,-507,-148
-251,304,70,-298
-390,-254,484,247
393,-217,-243,211
250,332,-399,-321
-478,93,389,-90
-79,-363,260,356
506,41,-478,-39
-101,351,-89,-348
-471,-165,514,159
269,-293,-97,293
372,268,-482,-262
-406,194,266,-196
-222,-333,385,333
486,-77,-403,76
51,360,-238,-359
-502,-52,485,54
125,-345,63,339
460,182,-506,-177
-290,281,122,-279
-361,-282,466,274
419,-180,-290,180
211,339,-364,-340
-495,58,416,-55
-30,-361,216,362
502,72,-492,-69
-149,342,-41,-332
-446,-192,504,182
310,-271,-138,265
333,284,-455,-282
-433,163,306,-165
-177,-343,346,345
498,-42,-429,43
4,367,-190,-361
-500,-88,497,81
171,-338,17,332
441,210,-510,-200
-327,254,164,-256
-323,-298,445,293
439,-147,-328,148
159,353,-326,-346
-496,28,445,-26
19,-366,174,361
495,102,-506,-105
-197,325,10,-321
-424,-220,499,213
347,-242,-192,243
298,308,-430,-300
-450,131,342,-131
-136,-360,308,352
501,-5,-448,3
-46,364,-141,-354
-483,-124,502,120
220,-316,-37,313
409,237,-495,-235
-368,230,212,-227
-281,-317,416,310
469,-123,-361,116
112,361,-282,-351
-506,-7,462,9
69,-356,119,351
478,138,-509,-137
-240,311,62,-300
-392,-253,489,245
381,-220,-239,211
255,331,-404,-324
-473,96,381,-95
-85,-361,265,355
501,35,-473,-33
-95,350,-95,-343
-469,-161,511,158
266,-295,-86,292
377,264,-478,-260
-401,203,258,-201
-237,-339,383,329
483,-78,-392,79
64,365,-247,-359
-503,-49,483,47
120,-346,69,341
463,169,-513,-166
-288,283,119,-281
-364,-275,470,269
413,-180,-282,182
214,341,-370,-335
-486,60,412,-61
-37,-364,224,360
504,66,-492,-63
-142,341,-48,-338
-452,-185,506,179
305,-275,-130,271
338,288,-457,-285
-425,175,297,-173
-189,-355,351,349
492,-45,-427,50
17,366,-201,-358
-499,-86,495,82
162,-331,20,328
439,202,-504,-199
-321,259,161,-255
-326,-297,448,293
439,-157,-319,148
166,354,-327,-350
-495,28,444,-29
15,-363,175,357
492,107,-502,-100
-188,326,-2,-321
-430,-216,496,216
342,-248,-178,246
309,303,-438,-301
-453,134,334,-138
-150,-357,315,352
502,-10,-452,11
-32,360,-150,-353
-489,-116,511,115
210,-317,-24,313
413,231,-498,-231
-356,234,211,-230
-284,-312,416,312
463,-121,-361,120
117,360,-291,-353
-506,-9,462,1
60,-361,133,354
482,140,-507,-136
-228,310,55,-304
-400,-250,484,247
375,-221,-228,217
263,321,-410,-317
-475,107,371,-109
-94,-361,276,356
504,22,-471,-21
-84,360,-101,-351
-473,-151,509,151
257,-301,-76,296
381,261,-482,-253
-393,202,251,-204
-240,-329,389,322
482,-87,-397,89
69,360,-250,-356
-509,-43,484,38
112,-352,85,346
465,168,-510,-161
-276,291,101,-287
-367,-272,474,264
409,-191,-276,189
217,345,-378,-333
-485,71,414,-72
-44,-366,227,354
502,55,-490,-52
-129,346,-58,-334
-452,-182,508,178
290,-282,-124,275
346,289,-462,-283
-418,179,295,-177
-205,-349,356,346
494,-55,-420,58
28,362,-209,-359
-501,-77,496,71
156,-336,28,333
443,203,-505,-197
-311,266,153,-266
-328,-298,448,288
434,-159,-313,162
178,348,-341,-339
-502,39,435,-41
1,-364,185,355
492,92,-496,-90
-184,332,-8,-326
-431,-214,505,213
339,-255,-171,253
316,303,-446,-299
-448,149,333,-146
-151,-352,324,344
499,-25,-450,24
-29,363,-162,-350
-490,-109,506,103
207,-322,-23,313
419,227,-497,-223
-357,241,197,-237
-291,-314,427,308
457,-131,-351,131
128,362,-297,-350
-504,-6,460,0
52,-356,138,349
486,130,-512,-129
-231,312,48,-309
-402,-240,490,238
378,-228,-226,224
269,326,-415,-313
-473,109,367,-110
-106,-365,289,354
512,22,-464,-18
-76,353,-109,-349
-477,-148,505,145
245,-299,-74,298
383,258,-487,-255
-384,212,241,-207
-251,-335,397,329
481,-94,-382,90
79,364,-257,-354
-504,-36,479,32
101,-349,85,345
466,163,-512,-157
-268,289,97,-290
-376,-267,474,260
407,-199,-263,200
228,335,-383,-330
-484,82,405,-83
-54,-366,238,361
500,54,-489,-54
-124,344,-57,-334
-461,-179,508,175
291,-277,-129,275
354,277,-462,-273
-419,182,288,-182
-200,-345,363,336
491,-59,-414,56
32,364,-220,-355
-500,-68,500,68
148,-341,36,335
446,190,-509,-185
-311,268,147,-263
-337,-292,456,286
429,-161,-308,161
180,352,-346,-346
-499,43,431,-42
-2,-365,187,358
504,89,-498,-86
-168,331,-10,-328
-435,-209,504,203
326,-259,-171,257
315,302,-443,-294
-449,146,328,-149
-158,-357,331,349
502,-19,-442,21
-17,367,-172,-356
-493,-109,502,107
198,-325,-9,318
422,225,-503,-217
-350,243,187,-245
-298,-308,432,302
453,-139,-343,141
141,362,-304,-356
-504,6,452,-7
44,-360,145,355
486,124,-501,-124
-221,317,33,-310
-408,-236,493,234
366,-234,-213,230
282,321,-413,-316
-463,114,360,-114
-114,-363,282,355
502,15,-466,-13
-70,364,-122,-356
-478,-141,508,137
240,-309,-58,308
396,247,-483,-242
-380,215,237,-215
-257,-323,401,315
475,-99,-382,100
85,365,-265,-356
-510,-33,475,31
98,-350,95,344
471,158,-508,-154
-265,291,89,-290
-375,-259,477,255
394,-203,-265,204
239,333,-389,-331
-479,82,397,-82
-65,-365,248,362
506,54,-481,-48
-120,344,-71,-340
-465,-174,510,165
286,-284,-117,279
359,272,-468,-268
-410,187,280,-183
-214,-342,370,335
487,-60,-411,62
41,370,-222,-361
-500,-74,492,70
142,-343,49,341
448,189,-505,-187
-306,274,131,-274
-340,-283,454,281
426,-172,-298,174
188,346,-350,-345
-493,47,426,-42
-7,-361,197,352
498,83,-498,-84
-171,335,-11,-326
-436,-206,502,200
324,-264,-168,264
322,300,-444,-292
-440,155,320,-154
-162,-350,336,345
493,-28,-437,24
-13,362,-174,-360
-491,-105,501,103
186,-327,-6,322
427,221,-498,-213
-341,248,177,-245
-300,-307,430,299
451,-141,-334,141
143,354,-312,-348
-507,16,453,-17
37,-356,153,357
490,118,-505,-114
-210,315,25,-317
-412,-238,496,232
360,-233,-203,233
286,321,-423,-316
-462,126,357,-123
-122,-365,291,358
502,4,-459,-7
-61,360,-131,-352
-482,-135,506,130
233,-310,-48,307
397,246,-491,-239
-374,223,230,-216
-265,-325,408,317
472,-107,-373,100
99,365,-275,-361
-509,-24,466,27
82,-358,109,353
476,155,-509,-154
-253,299,78,-291
-379,-262,481,256
391,-206,-248,205
239,333,-392,-328
-475,90,388,-90
-75,-364,248,359
500,40,-478,-40
-107,352,-76,-342
-464,-165,508,161
278,-291,-102,284
367,265,-474,-267
-408,193,275,-193
-217,-338,373,338
489,-68,-407,69
40,368,-230,-360
-504,-65,486,63
137,-344,58,342
454,184,-508,-177
-298,281,126,-280
-354,-282,459,271
423,-177,-292,180
201,344,-356,-338
-494,54,420,-58
-19,-366,209,361
501,76,-493,-75
-155,339,-27,-332
-446,-200,503,191
314,-268,-153,265
331,294,-451,-288
-437,162,313,-158
-175,-351,338,346
501,-34,-436,27
-3,363,-184,-353
-500,-91,505,93
181,-335,8,327
434,214,-506,-210
-333,257,172,-252
-313,-309,439,301
446,-145,-334,138
149,356,-320,-345
-502,16,453,-15
31,-358,163,352
495,117,-507,-113
-209,321,22,-320
-417,-232,491,227
356,-241,-200,236
289,315,-420,-307
-454,125,352,-123
-127,-356,302,352
503,0,-458,1
-60,357,-138,-358
-484,-127,503,125
226,-314,-47,315
404,240,-491,-238
-371,226,223,-220
-270,-322,411,314
470,-109,-366,108
102,365,-278,-358
-503,-20,465,13
80,-359,115,353
476,148,-508,-140
-249,300,71,-296
-384,-252,485,246
384,-208,-244,209
245,326,-395,-325
-476,94,381,-94
-79,-364,257,360
502,40,-479,-39
-104,352,-87,-349
-471,-167,513,163
277,-294,-100,291
375,271,-471,-264
-406,194,264,-189
-224,-339,378,335
481,-71,-399,72
54,365,-237,-361
-504,-56,489,51
124,-343,58,336
459,176,-505,-175
-291,280,123,-275
-349,-277,463,273
419,-183,-285,187
203,341,-364,-336
-491,58,412,-64
-28,-361,218,354
499,71,-495,-67
-151,333,-38,-330
-448,-193,507,187
310,-266,-150,268
337,291,-453,-287
-435,166,306,-161
-181,-349,350,340
495,-39,-428,38
5,361,-191,-356
-495,-90,495,85
172,-332,12,331
441,208,-501,-201
-328,261,165,-259
-320,-301,441,294
443,-153,-322,150
162,354,-325,-347
-503,24,438,-21
18,-361,172,353
494,108,-503,-106
-197,320,12,-315
-423,-224,499,216
343,-242,-193,241
301,312,-428,-305
-454,132,342,-130
-135,-358,309,357
507,-7,-450,5
-45,358,-145,-356
-485,-117,505,116
218,-318,-38,312
402,232,-494,-231
-364,234,211,-230
-273,-320,415,318
462,-116,-359,115
115,364,-287,-359
-505,-16,462,12
66,-357,121,349
483,141,-502,-134
-240,302,62,-295
-396,-242,481,239
380,-219,-234,212
255,323,-399,-321
-470,103,377,-97
-88,-368,266,362
508,33,-477,-33
-91,356,-100,-353
-475,-161,511,154
260,-293,-85,290
374,262,-480,-254
-393,198,257,-199
-235,-332,390,332
479,-80,-395,84
63,366,-238,-365
-500,-53,479,47
117,-347,71,343
463,177,-508,-170
-281,283,109,-278
-364,-276,465,269
413,-185,-282,180
209,337,-366,-333
-489,64,412,-63
-36,-363,227,361
504,70,-491,-66
-142,340,-47,-337
-452,-190,506,183
304,-273,-138,266
343,286,-460,-278
-429,174,300,-167
-188,-347,353,344
496,-44,-424,47
13,363,-199,-361
-496,-88,500,77
160,-337,23,333
441,201,-508,-197
-326,265,161,-265
-321,-298,446,296
440,-157,-322,158
164,359,-336,-347
-497,33,442,-33
8,-365,179,359
497,98,-504,-97
-186,328,3,-323
-425,-220,502,217
341,-248,-179,245
302,306,-438,-305
-448,138,334,-145
-144,-355,315,349
500,-11,-453,17
-35,360,-154,-354
-489,-119,505,115
209,-318,-25,317
414,233,-495,-227
-355,237,207,-234
-289,-321,425,311
457,-123,-359,125
123,367,-293,-358
-502,-7,465,3
65,-360,123,352
481,135,-509,-132
-236,311,57,-303
-397,-247,485,242
375,-222,-228,217
262,327,-404,-319
-469,99,375,-102
-98,-360,272,350
504,28,-475,-21
-86,354,-105,-348
-469,-154,511,151
257,-298,-78,295
380,264,-481,-260
-395,200,248,-202
-245,-333,393,330
484,-86,-391,88
71,360,-250,-358
-507,-43,483,40
112,-345,78,340
468,168,-509,-166
-278,288,104,-284
-369,-274,472,268
408,-190,-274,190
218,343,-373,-336
-491,69,409,-71
-42,-369,227,361
505,62,-492,-56
-134,346,-56,-334
-452,-183,510,175
296,-274,-124,273
346,278,-464,-276
-421,178,296,-179
-198,-348,354,341
490,-58,-423,59
22,369,-204,-360
-499,-77,493,74
157,-336,29,329
444,199,-503,-195
-318,265,154,-261
-327,-293,448,293
437,-160,-312,159
175,352,-340,-351
-500,33,435,-33
2,-363,184,358
495,93,-500,-90
-182,328,-4,-328
-429,-209,494,202
338,-254,-172,258
313,304,-438,-297
-451,143,334,-144
-154,-359,320,350
502,-14,-450,13
-30,365,-163,-355
-487,-116,512,114
203,-320,-15,317
414,230,-503,-225
-349,237,199,-239
-295,-315,424,308
461,-129,-351,127
132,360,-300,-350
-505,2,459,-1
50,-357,138,349
484,127,-514,-124
-224,309,45,-306
-403,-239,492,236
368,-226,-216,224
270,322,-412,-317
-466,117,365,-115
-110,-369,289,359
508,19,-475,-18
-74,358,-111,-352
-478,-151,510,149
250,-300,-71,300
389,257,-480,-254
-389,212,240,-211
-255,-333,398,327
474,-91,-385,92
84,361,-259,-358
-501,-38,474,40
101,-345,87,342
471,162,-509,-159
-268,289,95,-288
-377,-267,477,258
401,-194,-264,198
229,335,-381,-332
-484,78,399,-75
-51,-364,237,361
500,54,-482,-55
-128,343,-66,-340
-459,-176,506,170
292,-281,-118,280
356,277,-468,-273
-419,185,286,-182
-206,-348,365,342
494,-56,-413,58
31,362,-215,-354
-504,-71,489,67
151,-339,37,330
444,196,-505,-190
-309,272,145,-269
-337,-291,455,285
431,-168,-304,167
185,348,-346,-338
-496,43,427,-42
-7,-368,195,356
498,91,-499,-87
-174,335,-12,-330
-436,-210,504,205
331,-257,-169,253
319,300,-444,-292
-439,147,324,-146
-163,-352,323,343
496,-18,-444,21
-20,361,-163,-353
-492,-110,503,104
194,-326,-13,319
421,221,-498,-216
-342,250,188,-245
-298,-312,436,308
461,-131,-343,135
133,355,-309,-354
-503,4,456,-8
42,-359,147,355
480,125,-506,-120
-217,320,32,-315
-409,-240,490,229
369,-235,-209,232
272,322,-417,-312
-465,118,357,-117
-106,-361,286,354
506,13,-465,-9
-66,353,-115,-349
-482,-145,508,139
234,-302,-57,298
395,257,-485,-249
-378,215,233,-211
-259,-329,399,322
473,-103,-380,102
86,362,-264,-356
-505,-32,468,26
93,-351,101,348
471,164,-509,-158
-260,296,82,-293
-373,-266,483,260
396,-207,-258,203
232,336,-388,-330
-475,84,393,-83
-68,-366,246,363
503,56,-479,-50
-119,346,-71,-343
-462,-177,507,174
287,-286,-112,281
357,275,-472,-271
-408,186,280,-186
-215,-337,370,331
487,-65,-412,69
39,357,-222,-359
-499,-65,493,60
144,-342,52,343
449,188,-509,-185
-306,280,134,-276
-338,-289,455,285
428,-170,-299,172
187,351,-351,-342
-498,45,419,-48
-16,-368,201,360
499,81,-494,-80
-162,340,-23,-335
-437,-203,504,194
324,-264,-153,262
323,300,-446,-291
-440,155,315,-153
-165,-354,330,344
496,-34,-438,35
-14,361,-176,-352
-498,-97,500,92
190,-325,0,319
428,220,-505,-213
-337,252,181,-248
-296,-312,438,306
447,-143,-339,143
142,362,-311,-359
-502,11,456,-10
34,-360,152,355
485,116,-505,-116
-210,315,27,-310
-412,-231,490,227
361,-239,-205,234
282,322,-424,-313
-463,124,356,-121
-117,-361,298,354
502,5,-461,-4
-58,352,-129,-353
-484,-132,504,130
235,-307,-51,308
399,250,-490,-240
-376,221,231,-221
-264,-327,406,316
471,-107,-373,108
98,364,-272,-356
-507,-23,470,20
85,-355,105,352
470,149,-510,-146
-254,299,81,-300
-382,-261,479,254
393,-204,-253,205
244,335,-386,-325
-479,87,391,-89
-71,-363,246,359
500,40,-478,-35
-106,353,-82,-350
-468,-169,509,162
278,-290,-100,286
368,272,-473,-268
-409,188,272,-186
-219,-341,374,332
485,-70,-404,71
46,369,-231,-356
-499,-58,488,57
131,-345,56,337
453,184,-510,-180
-295,279,133,-274
-350,-283,461,278
426,-180,-294,177
196,346,-360,-340
-493,57,419,-58
-23,-371,209,358
498,75,-498,-71
-155,341,-31,-334
-446,-196,506,195
320,-264,-147,262
334,291,-450,-284
-436,158,309,-157
-174,-349,341,339
496,-31,-431,37
-9,361,-188,-356
-495,-92,503,88
183,-331,5,328
434,210,-506,-209
-333,257,175,-252
-315,-306,435,301
443,-144,-330,140
154,357,-317,-352
-498,13,446,-18
24,-365,164,358
491,116,-505,-108
-205,325,18,-318
-417,-228,496,224
356,-237,-197,238
292,314,-430,-304
-458,125,352,-125
-126,-357,304,348
507,-2,-461,1
-53,356,-132,-354
-490,-126,506,121
225,-315,-45,312
404,238,-493,-232
-371,228,219,-227
-269,-319,414,315
467,-112,-369,111
104,361,-282,-359
-502,-18,470,16
77,-354,113,353
476,147,-507,-143
-251,301,69,-300
-392,-256,480,254
391,-209,-240,209
254,330,-393,-327
-479,92,387,-91
-81,-360,257,352
505,30,-482,-30
-101,350,-86,-344
-467,-163,507,157
267,-293,-92,287
375,273,-479,-262
-402,195,262,-192
-232,-340,381,330
491,-76,-402,76
52,363,-233,-360
-503,-52,487,50
125,-343,65,340
452,178,-509,-173
-290,281,113,-280
-357,-279,467,277
417,-181,-286,180
210,344,-366,-336
-486,60,421,-59
-30,-367,217,357
501,69,-492,-66
-148,339,-40,-335
-447,-189,503,183
307,-270,-142,269
336,291,-459,-280
-432,165,310,-170
-183,-351,345,345
496,-42,-434,41
11,365,-191,-360
-499,-90,496,91
167,-333,17,327
435,209,-500,-203
-328,258,168,-253
-320,-299,441,292
443,-149,-329,147
163,353,-327,-348
-496,19,446,-21
23,-364,168,359
490,112,-501,-108
-197,326,11,-323
-423,-226,496,216
344,-245,-193,245
294,311,-427,-303
-452,129,347,-130
-130,-357,307,350
503,-3,-455,11
-45,361,-143,-351
-487,-120,502,113
219,-317,-44,312
407,231,-492,-229
-365,230,218,-229
-278,-316,416,310
461,-116,-362,116
115,366,-282,-355
-500,-10,465,7
61,-361,120,353
476,140,-509,-130
-233,301,57,-301
-392,-251,488,240
382,-214,-236,214
254,325,-401,-322
-476,105,378,-101
-85,-360,265,355
504,25,-473,-25
-92,348,-95,-342
-473,-151,509,149
263,-297,-87,292
379,262,-476,-258
-400,199,253,-198
-233,-334,385,328
481,-76,-394,82
62,362,-241,-358
-505,-52,486,50
117,-347,69,341
462,175,-509,-171
-283,287,113,-286
-362,-275,467,269
412,-187,-279,186
212,339,-375,-333
-484,68,406,-62
-37,-368,223,359
499,65,-488,-64
-146,348,-45,-344
-451,-191,509,190
310,-278,-129,275
339,288,-462,-285
-420,172,300,-169
-193,-353,351,342
489,-44,-426,46
15,370,-202,-361
-501,-86,496,83
163,-336,25,330
440,201,-505,-197
-319,263,159,-260
-322,-291,442,290
439,-161,-317,161
165,355,-332,-349
-498,30,437,-32
12,-365,181,356
493,99,-502,-94
-190,328,2,-326
-427,-213,500,208
342,-256,-182,253
308,304,-436,-296
-448,144,340,-143
-145,-356,313,348
496,-11,-451,15
-34,363,-154,-360
-488,-121,506,115
210,-317,-27,319
415,230,-496,-225
-361,235,210,-236
-284,-315,416,310
461,-121,-358,122
121,360,-292,-354
-502,-9,459,7
62,-355,131,350
477,135,-507,-131
-236,315,53,-305
-396,-249,488,239
378,-224,-227,220
261,322,-402,-316
-471,105,368,-105
-92,-357,271,349
507,23,-465,-20
-88,356,-103,-345
-476,-153,512,147
257,-300,-81,296
382,258,-484,-256
-393,207,245,-204
-241,-329,393,326
478,-90,-393,86
69,363,-255,-352
-504,-40,487,39
110,-348,85,342
467,167,-506,-169
-275,291,104,-284
-369,-273,476,270
410,-196,-277,192
221,340,-381,-331
-484,73,405,-78
-47,-367,228,361
505,62,-485,-60
-138,344,-53,-339
-459,-188,506,180
296,-271,-130,275
346,284,-457,-276
-413,176,296,-175
-197,-342,354,337
494,-60,-424,55
20,364,-207,-358
-505,-76,498,75
161,-341,33,333
441,197,-507,-196
-316,270,151,-266
-332,-290,453,287
437,-161,-314,164
176,350,-338,-341
-502,39,431,-36
9,-366,184,354
496,96,-503,-91
-182,327,-3,-325
-432,-215,504,207
336,-254,-173,253
311,305,-440,-298
-446,148,329,-148
-150,-356,322,349
495,-21,-447,26
-25,366,-161,-363
-491,-106,502,106
200,-326,-19,321
419,228,-493,-224
-354,237,198,-235
-287,-314,424,310
459,-129,-350,125
125,357,-303,-350
-502,0,460,0
52,-359,138,350
486,133,-504,-130
-230,311,41,-310
-404,-242,489,238
376,-221,-220,221
270,320,-415,-312
-467,111,374,-109
-109,-359,278,353
502,15,-469,-14
-70,355,-113,-350
-481,-147,508,141
249,-304,-72,302
388,257,-487,-250
-390,211,249,-210
-248,-330,400,325
482,-93,-389,94
79,363,-259,-361
-510,-42,481,37
102,-344,81,345
473,162,-512,-158
-273,292,98,-290
-375,-266,478,258
405,-201,-266,200
227,342,-377,-337
-483,76,402,-77
-51,-369,231,364
509,55,-485,-52
-134,347,-58,-339
-467,-179,509,173
291,-281,-122,277
358,279,-465,-272
-413,179,281,-179
-203,-339,365,333
493,-61,-411,59
28,362,-214,-358
-504,-67,490,67
149,-340,41,334
449,194,-512,-185
-312,270,142,-264
-337,-290,457,286
431,-168,-305,163
180,347,-342,-348
-498,40,429,-45
-5,-364,189,363
503,93,-498,-86
-171,336,-15,-329
-441,-213,502,206
329,-253,-163,249
323,300,-442,-296
-445,147,327,-146
-156,-355,326,351
499,-23,-445,23
-21,365,-172,-358
-494,-112,507,105
191,-326,-9,320
429,226,-498,-219
-346,252,190,-244
-302,-315,426,305
453,-139,-344,137
134,360,-305,-353
-499,8,450,-9
43,-359,145,356
486,118,-505,-119
-214,316,32,-314
-412,-233,498,224
369,-234,-207,231
283,317,-420,-310
-469,120,362,-115
-116,-359,290,357
503,11,-470,-10
-68,359,-124,-351
-476,-140,508,137
242,-306,-60,301
397,248,-484,-248
-382,214,233,-212
-263,-324,405,320
473,-99,-381,98
84,362,-267,-356
-505,-28,473,27
97,-354,98,351
473,159,-505,-155
-260,295,80,-293
-380,-268,482,261
396,-198,-261,198
237,337,-387,-328
-483,84,400,-82
-63,-362,246,356
507,47,-482,-47
-123,345,-72,-337
-464,-172,510,169
289,-287,-114,278
361,274,-472,-267
-413,186,278,-186
-214,-344,371,335
485,-59,-408,63
38,364,-226,-356
-502,-69,492,63
143,-342,49,336
451,188,-511,-184
-299,280,139,-271
-342,-287,460,279
426,-177,-300,172
194,349,-352,-341
-498,51,422,-47
-12,-368,197,361
495,82,-496,-81
-167,337,-25,-332
-438,-208,508,200
320,-258,-159,259
326,300,-447,-293
-438,154,326,-152
-168,-350,336,344
500,-32,-446,33
-8,364,-179,-358
-497,-105,503,101
186,-327,-1,319
429,218,-499,-212
-341,249,180,-249
-306,-302,436,299
447,-144,-341,145
147,357,-310,-355
-501,7,450,-9
31,-355,152,352
487,119,-505,-113
-209,319,24,-313
-411,-227,498,226
359,-240,-204,235
287,317,-420,-314
-462,117,353,-116
-119,-361,293,351
505,12,-460,-8
-65,355,-123,-349
-482,-136,504,129
230,-307,-60,304
398,248,-483,-241
-371,219,229,-216
-261,-326,407,319
472,-104,-377,104
89,365,-275,-353
-507,-28,474,23
88,-355,106,346
479,156,-505,-150
-257,297,77,-296
-386,-262,485,254
392,-200,-253,205
243,334,-398,-327
-477,83,389,-91
-69,-366,247,361
502,40,-474,-37
-116,352,-77,-344
-461,-167,511,165
277,-290,-108,281
365,272,-472,-267
-404,192,275,-188
-222,-339,371,333
488,-69,-403,70
41,363,-229,-358
-501,-64,485,63
141,-337,55,335
455,182,-503,-181
-297,275,128,-274
-354,-280,462,277
418,-179,-293,175
201,345,-359,-344
-491,57,418,-51
-21,-365,206,361
501,75,-493,-72
-158,337,-25,-333
-447,-205,501,193
317,-263,-152,264
327,301,-449,-290
-426,158,315,-161
-173,-350,340,340
494,-36,-436,41
3,360,-181,-356
-503,-95,495,92
181,-331,2,326
425,217,-505,-212
-336,255,176,-247
-312,-302,443,295
444,-143,-330,149
162,353,-322,-347
-502,14,447,-21
29,-360,166,353
492,111,-505,-115
-207,320,16,-315
-418,-228,497,225
355,-238,-198,238
293,314,-427,-307
-459,129,343,-129
-128,-362,306,357
499,2,-453,1
-52,361,-141,-353
-481,-132,510,123
227,-312,-47,307
402,243,-491,-233
-368,228,219,-228
-272,-324,418,320
464,-109,-369,109
108,361,-281,-355
-504,-20,468,18
74,-358,107,350
482,146,-507,-142
-251,308,69,-304
-391,-255,487,253
387,-211,-238,207
247,328,-401,-322
-474,93,382,-93
-80,-365,261,356
502,34,-477,-33
-98,354,-87,-346
-466,-161,509,160
270,-290,-91,287
375,267,-480,-261
-406,191,265,-192
-224,-336,385,328
482,-77,-402,75
51,364,-239,-358
-503,-49,483,52
124,-344,70,344
461,175,-511,-174
-290,282,112,-280
-354,-283,465,279
419,-181,-283,176
203,347,-360,-341
-489,58,417,-56
-28,-362,218,353
499,71,-494,-67
-155,334,-40,-330
-448,-192,505,187
312,-268,-145,267
338,291,-453,-285
-432,169,306,-166
-180,-351,343,345
500,-47,-430,41
-1,367,-192,-362
-497,-87,501,85
174,-333,16,332
436,207,-503,-201
-335,255,168,-252
-315,-294,440,292
446,-155,-325,147
157,353,-328,-347
-495,28,442,-29
19,-366,167,362
491,110,-501,-103
-199,325,15,-322
-423,-222,495,215
353,-249,-191,243
295,305,-431,-301
-459,139,350,-135
-133,-363,306,356
504,-3,-454,5
-46,369,-149,-355
-486,-127,505,121
215,-318,-38,316
409,232,-492,-233
-362,233,214,-235
-280,-316,417,309
467,-124,-358,118
110,364,-286,-348
-503,-8,465,8
72,-357,116,350
475,139,-507,-134
-241,302,61,-300
-392,-251,488,243
381,-215,-235,212
257,324,-400,-320
-475,105,377,-105
-88,-360,260,360
508,28,-475,-25
-95,356,-96,-350
-471,-160,512,155
262,-299,-86,294
374,264,-475,-260
-396,204,261,-200
-237,-335,385,329
483,-85,-404,82
61,367,-245,-358
-503,-45,482,45
121,-354,72,347
459,173,-503,-167
-281,289,116,-291
-361,-277,471,265
410,-188,-282,190
218,341,-375,-333
-490,68,407,-63
-38,-361,225,357
501,61,-496,-59
-145,342,-46,-338
-451,-186,517,180
302,-273,-136,271
347,283,-465,-280
-426,166,302,-168
-191,-342,353,340
493,-47,-426,46
16,368,-198,-363
-502,-85,499,85
162,-335,20,334
445,199,-505,-196
-325,260,152,-259
-323,-293,449,288
441,-154,-316,149
166,354,-338,-347
-497,25,443,-27
8,-364,177,362
498,105,-501,-100
-187,327,2,-324
-431,-221,499,215
340,-248,-183,248
306,310,-432,-302
-451,139,344,-142
-145,-358,310,351
506,-15,-451,15
-35,363,-159,-354
-489,-116,503,112
211,-318,-24,318
416,231,-493,-229
-364,233,206,-234
-286,-315,423,308
464,-122,-357,120
117,358,-298,-351
-504,-5,458,3
56,-360,130,356
487,141,-504,-134
-229,311,53,-304
-401,-253,494,247
374,-219,-232,218
262,328,-410,-324
-463,106,369,-107
-95,-368,275,357
503,23,-470,-21
-86,356,-103,-349
-478,-153,514,146
257,-299,-83,299
380,259,-479,-255
-393,208,250,-207
-244,-333,391,326
482,-86,-389,89
73,362,-254,-358
-497,-46,478,42
108,-346,81,346
461,166,-510,-168
-278,290,103,-284
-365,-272,470,264
408,-188,-268,190
219,340,-373,-332
-483,67,407,-72
-50,-363,230,362
506,59,-487,-58
-136,344,-55,-339
-453,-184,501,180
296,-282,-126,277
344,286,-460,-281
-417,181,292,-180
-196,-348,361,344
491,-54,-419,56
21,364,-208,-364
-502,-80,496,76
156,-336,24,334
448,192,-507,-191
-315,273,154,-266
-335,-286,450,286
437,-165,-312,164
176,351,-340,-349
-497,27,438,-33
3,-366,186,358
494,99,-503,-99
-182,334,-5,-324
-427,-209,503,212
335,-253,-175,251
307,300,-440,-294
-443,142,331,-143
-146,-352,323,344
499,-17,-443,19
-31,356,-166,-356
-494,-113,500,108
205,-316,-16,313
418,223,-494,-219
-355,242,199,-236
-286,-309,424,308
458,-130,-351,134
125,361,-303,-358
-501,-4,457,0
50,-359,137,353
479,133,-509,-129
-226,310,48,-309
-401,-244,490,235
374,-223,-223,224
272,326,-409,-317
-465,107,372,-103
-103,-361,280,355
504,20,-468,-21
-77,356,-114,-351
-481,-147,509,140
246,-306,-67,303
386,252,-486,-249
-388,216,236,-212
-248,-329,399,328
477,-95,-384,94
83,363,-259,-359
-503,-37,485,35
101,-347,83,345
467,162,-510,-158
-269,292,92,-286
-369,-263,478,260
401,-196,-260,192
228,334,-387,-329
-485,70,405,-71
-60,-362,239,355
504,59,-486,-61
-127,344,-64,-336
-458,-180,508,178
293,-287,-116,282
357,282,-469,-271
-414,189,284,-186
-204,-343,365,335
487,-62,-411,56
27,364,-213,-357
-499,-72,491,69
151,-341,36,332
447,193,-511,-186
-305,269,141,-264
-340,-288,457,286
429,-166,-304,167
182,348,-345,-342
-496,47,429,-50
-2,-367,195,358
492,90,-498,-89
-176,333,-16,-328
-433,-208,503,205
332,-261,-166,263
320,301,-442,-293
-439,153,323,-157
-166,-358,326,352
499,-20,-441,21
-17,359,-166,-354
-492,-104,503,103
197,-325,-14,315
420,224,-499,-216
-349,249,190,-245
-299,-315,434,308
457,-133,-345,132
136,354,-302,-351
-500,6,452,-3
42,-360,144,352
487,121,-504,-120
-216,322,31,-312
-410,-238,495,232
364,-229,-212,228
278,324,-417,-318
-465,111,362,-114
-115,-370,287,362
503,16,-467,-13
-67,359,-125,-353
-480,-139,510,135
242,-299,-58,299
395,247,-480,-241
-377,215,236,-211
-254,-330,401,324
469,-102,-379,98
84,369,-266,-363
-509,-31,472,26
93,-354,89,349
474,159,-510,-153
-262,292,88,-289
-372,-265,481,259
400,-202,-257,198
231,335,-387,-324
-483,89,398,-86
-63,-363,240,357
503,46,-478,-45
-121,345,-67,-343
-462,-173,503,169
286,-282,-111,283
362,272,-465,-272
-411,184,276,-182
-214,-338,368,330
491,-61,-416,58
40,355,-225,-350
-505,-67,493,64
142,-334,50,336
450,186,-502,-183
-300,272,137,-269
-346,-286,460,280
419,-166,-305,169
192,348,-357,-343
-492,43,424,-45
-13,-363,201,360
506,85,-494,-83
-164,334,-21,-329
-446,-205,500,197
327,-262,-153,257
318,297,-445,-293
-439,153,315,-153
-163,-356,337,349
496,-27,-443,29
-10,365,-176,-358
-495,-102,503,97
188,-323,-6,322
429,217,-496,-209
-344,244,180,-242
-306,-302,432,298
454,-139,-338,135
141,352,-310,-351
-501,13,453,-13
36,-366,150,354
488,123,-502,-116
-209,321,24,-315
-411,-238,495,231
359,-232,-200,232
285,313,-425,-309
-462,123,355,-122
-120,-357,298,354
503,2,-463,2
-60,362,-131,-354
-485,-129,509,123
230,-311,-49,307
402,243,-490,-238
-376,219,224,-224
-266,-323,405,319
472,-107,-373,108
98,360,-270,-360
-502,-23,471,23
88,-357,105,354
470,150,-509,-145
-254,306,78,-299
-385,-255,480,248
393,-210,-249,206
241,332,-392,-328
-484,83,395,-85
-64,-367,246,360
505,47,-483,-42
-112,350,-76,-343
-466,-164,507,161
276,-287,-99,284
369,270,-473,-263
-410,187,271,-188
-224,-343,374,337
487,-67,-410,70
47,363,-226,-361
-506,-57,490,56
136,-343,51,335
457,180,-505,-177
-295,281,128,-270
-349,-282,460,281
419,-178,-292,171
204,348,-362,-348
-494,51,422,-51
-24,-367,208,359
499,81,-494,-75
-161,337,-23,-330
-440,-201,506,193
319,-265,-153,265
332,295,-454,-287
-440,159,310,-160
-176,-354,337,344
500,-32,-434,33
-7,367,-183,-355
-493,-95,507,91
182,-333,0,325
432,212,-504,-208
-337,250,180,-248
-312,-301,434,296
451,-136,-331,142
149,350,-317,-344
-500,17,451,-19
28,-362,158,356
493,112,-511,-111
-205,324,23,-321
-424,-229,495,221
358,-243,-198,242
291,313,-422,-302
-461,131,348,-130
-122,-356,300,352
504,1,-462,2
-52,355,-133,-354
-483,-130,510,124
226,-315,-45,309
402,243,-491,-235
-373,231,218,-225
-270,-325,412,318
464,-112,-367,112
102,363,-281,-358
-499,-19,467,19
82,-353,116,351
476,148,-509,-142
-253,302,67,-301
-389,-257,484,248
390,-212,-240,209
248,328,-395,-325
-476,95,383,-96
-80,-367,258,359
507,39,-480,-35
-100,354,-89,-344
-468,-168,511,161
273,-288,-93,286
369,270,-475,-261
-406,193,262,-195
-228,-339,383,330
481,-76,-400,78
55,368,-240,-359
-501,-56,488,49
128,-343,65,340
460,175,-509,-168
-290,279,117,-275
-355,-277,469,272
417,-183,-288,178
202,346,-363,-339
-489,56,416,-59
-31,-365,212,358
503,79,-491,-75
-150,337,-40,-332
-449,-196,505,194
312,-271,-142,266
335,288,-454,-284
-426,171,305,-163
-188,-347,347,341
494,-41,-426,42
7,361,-192,-356
-498,-94,496,85
173,-333,11,329
435,214,-505,-205
-331,258,168,-256
-316,-300,447,295
442,-150,-325,151
156,352,-333,-348
-499,29,445,-31
25,-362,174,356
493,105,-509,-100
-198,322,13,-316
-420,-226,502,222
345,-247,-189,243
293,312,-434,-308
-451,136,344,-137
-132,-356,310,350
500,-2,-455,8
-49,359,-151,-351
-485,-128,505,120
224,-314,-31,311
409,240,-496,-233
-364,232,215,-231
-281,-318,418,314
464,-122,-360,119
112,361,-287,-358
-506,-12,459,13
66,-359,123,352
480,141,-509,-142
-239,307,62,-297
-389,-249,488,247
384,-215,-238,210
250,328,-398,-321
-468,98,381,-97
-90,-364,266,354
502,32,-475,-27
-89,351,-95,-345
-471,-158,508,152
259,-293,-91,291
375,263,-480,-256
-398,201,256,-199
-237,-338,389,328
487,-82,-394,80
66,365,-240,-357
-504,-48,482,46
117,-348,69,338
463,173,-506,-165
-284,287,111,-280
-365,-278,469,268
412,-186,-282,188
213,344,-369,-338
-491,67,408,-69
-32,-365,223,362
502,63,-487,-64
-142,337,-48,-335
-450,-186,506,179
303,-274,-135,273
342,285,-458,-279
-427,173,298,-172
-189,-346,352,343
494,-46,-425,52
10,359,-205,-358
-502,-79,502,73
171,-332,23,331
441,200,-506,-197
-320,259,162,-259
-328,-298,444,292
441,-156,-319,155
169,355,-331,-343
-502,32,443,-35
8,-363,179,358
494,103,-505,-98
-189,329,-1,-329
-426,-223,497,219
349,-248,-185,247
300,305,-434,-302
-453,135,340,-134
-139,-353,315,350
502,-7,-447,9
-36,358,-154,-354
-492,-119,503,109
212,-318,-29,315
416,231,-493,-225
-363,235,206,-230
-287,-317,422,314
462,-119,-357,121
122,358,-294,-352
-504,-4,466,2
61,-355,127,352
487,137,-511,-129
-236,305,55,-305
-399,-243,490,232
376,-223,-230,223
257,316,-406,-316
-468,104,370,-105
-93,-354,270,355
503,25,-469,-21
-86,354,-100,-345
-475,-152,507,143
258,-300,-77,296
384,262,-480,-250
-394,200,250,-204
-243,-331,393,326
479,-85,-392,89
72,361,-254,-358
-503,-43,481,39
105,-349,73,340
465,168,-507,-165
-273,291,108,-284
-363,-270,470,268
405,-191,-271,190
216,337,-374,-337
-487,68,406,-66
-44,-364,232,358
508,61,-485,-59
-134,343,-59,-335
-456,-183,504,175
294,-280,-127,277
347,282,-464,-277
-418,179,297,-178
-199,-348,358,341
490,-51,-420,54
23,365,-210,-357
-499,-77,494,76
159,-335,34,330
444,198,-502,-195
-315,268,152,-267
-333,-298,449,287
432,-163,-315,163
179,355,-344,-344
-494,34,437,-37
-2,-366,190,358
489,96,-501,-90
-178,326,-12,-322
-427,-209,500,205
333,-253,-174,250
313,304,-442,-295
-441,148,335,-152
-157,-358,324,352
499,-15,-450,20
-25,356,-161,-355
-496,-113,511,110
202,-319,-20,315
418,228,-496,-219
-349,244,197,-242
-287,-316,426,305
455,-128,-352,129
126,354,-298,-348
-503,-1,455,-2
53,-353,137,351
486,129,-508,-125
-227,317,41,-312
-404,-247,497,238
373,-231,-221,226
267,327,-414,-319
-470,113,366,-113
-99,-361,281,357
502,18,-468,-18
-75,345,-110,-345
-474,-145,508,143
244,-295,-69,293
389,255,-484,-250
-382,212,240,-210
-252,-336,398,331
479,-93,-390,93
79,365,-260,-359
-509,-35,486,35
98,-348,94,345
469,163,-512,-160
-272,290,91,-290
-370,-270,476,263
408,-196,-266,196
231,340,-377,-332
-484,73,396,-73
-56,-362,232,359
504,57,-487,-55
-127,341,-59,-341
-460,-177,511,168
287,-285,-115,283
359,282,-466,-273
-422,183,281,-181
-205,-344,367,343
498,-57,-419,60
30,362,-214,-357
-502,-71,493,63
147,-342,36,331
450,194,-504,-186
-313,275,142,-269
-338,-290,456,286
434,-169,-303,164
177,347,-346,-344
-497,43,429,-39
-3,-361,193,360
499,91,-502,-88
-173,332,-10,-329
-436,-212,507,207
330,-263,-170,254
320,300,-448,-299
-442,153,322,-153
-163,-350,332,349
498,-19,-438,22
-16,357,-169,-352
-495,-107,500,106
191,-319,-13,319
424,221,-496,-215
-346,244,190,-243
-297,-315,427,304
454,-131,-344,133
136,357,-300,-350
-502,3,452,-9
47,-356,143,353
483,124,-506,-120
-215,314,37,-311
-411,-240,494,235
364,-227,-215,225
281,318,-413,-312
-467,117,361,-119
-110,-359,282,359
505,13,-462,-11
-70,352,-121,-349
-481,-144,511,139
240,-299,-66,291
394,251,-490,-244
-382,216,241,-210
-258,-329,399,323
476,-102,-379,98
85,366,-265,-355
-505,-28,474,25
92,-355,96,350
475,160,-507,-156
-258,294,91,-292
-379,-265,478,262
400,-207,-258,200
237,338,-388,-335
-485,87,394,-85
-67,-363,244,358
504,49,-483,-45
-120,342,-72,-340
-462,-173,509,169
287,-286,-111,284
359,274,-471,-272
-413,189,278,-186
-211,-337,376,336
487,-65,-407,71
38,364,-226,-360
-497,-70,492,64
142,-342,44,335
453,192,-506,-190
-308,266,135,-267
-343,-281,459,276
431,-169,-298,168
183,342,-351,-334
-493,50,421,-45
-12,-362,197,358
496,85,-496,-83
-166,334,-24,-330
-439,-202,509,200
324,-261,-156,255
328,292,-449,-288
-441,152,315,-150
-166,-353,333,343
500,-29,-435,31
-18,369,-178,-358
-492,-99,505,99
184,-328,1,319
430,213,-508,-211
-339,248,184,-245
-304,-305,435,299
453,-137,-339,137
142,356,-311,-349
-500,6,449,-10
32,-356,152,349
486,120,-504,-113
-207,319,32,-314
-412,-231,493,228
356,-238,-206,234
285,311,-426,-310
-460,123,354,-120
-121,-355,300,352
507,8,-461,-9
-63,356,-129,-351
-485,-129,511,131
238,-310,-57,309
399,241,-491,-241
-375,218,226,-221
-262,-326,409,320
467,-106,-371,104
96,366,-275,-358
-505,-20,471,20
87,-355,105,353
474,152,-508,-146
-255,300,76,-302
-382,-259,485,256
390,-213,-251,210
244,335,-394,-329
-484,91,393,-92
-73,-365,248,357
504,40,-479,-37
-109,347,-82,-343
-459,-163,505,165
276,-289,-98,289
366,271,-476,-268
-404,192,278,-192
-220,-339,378,330
483,-69,-412,67
46,364,-229,-353
-506,-61,489,57
132,-340,55,334
457,181,-507,-174
-292,276,129,-272
-348,-286,463,278
424,-173,-296,175
196,348,-355,-340
-497,50,419,-57
-19,-362,205,356
497,74,-494,-73
-157,337,-30,-330
-439,-197,508,192
317,-263,-151,264
326,291,-455,-287
-436,161,314,-161
-173,-346,342,343
500,-38,-436,37
-6,361,-183,-356
-498,-97,501,91
183,-328,0,330
429,211,-497,-209
-334,257,180,-256
-310,-307,433,299
445,-143,-334,143
151,359,-322,-349
-500,15,444,-20
30,-361,166,352
493,112,-505,-105
-202,321,20,-315
-415,-232,496,223
352,-240,-197,242
286,314,-425,-311
-462,133,349,-132
-130,-359,303,353
505,-2,-459,6
-54,360,-135,-350
-483,-129,509,123
232,-311,-50,304
404,240,-496,-239
-373,222,225,-221
-269,-321,414,318
471,-110,-370,110
99,362,-282,-357
-504,-18,467,18
77,-352,113,348
481,145,-509,-137
-249,299,74,-299
-392,-255,486,247
390,-211,-247,212
250,333,-395,-326
-478,93,384,-92
-80,-365,262,359
505,40,-477,-38
-105,347,-90,-344
-468,-168,510,160
273,-288,-99,287
377,268,-476,-261
-405,196,264,-198
-231,-334,381,333
488,-78,-398,81
54,368,-242,-364
-505,-56,488,53
125,-346,67,339
459,177,-510,-173
-292,277,119,-278
-356,-277,467,273
415,-176,-285,179
209,343,-364,-335
-489,53,413,-57
-34,-366,218,357
505,70,-493,-67
-147,341,-41,-336
-452,-189,508,187
306,-269,-142,268
343,291,-454,-287
-432,161,305,-163
-186,-349,347,348
501,-34,-431,38
7,358,-194,-361
-498,-92,496,84
170,-332,13,329
435,212,-501,-201
-329,259,167,-253
-315,-304,447,296
443,-151,-323,151
160,355,-329,-350
-502,27,444,-30
19,-360,168,354
495,104,-505,-98
-198,321,9,-318
-425,-226,493,218
344,-240,-187,241
302,312,-427,-308
-455,129,347,-129
-136,-359,311,352
506,-4,-456,6
-43,363,-147,-357
-489,-125,506,120
218,-310,-36,310
411,235,-494,-228
-369,225,210,-227
-276,-314,416,310
463,-117,-359,120
109,357,-290,-356
-500,-16,465,10
68,-353,121,349
479,145,-506,-136
-235,307,64,-307
-396,-254,485,247
380,-217,-236,216
257,330,-407,-323
-478,99,377,-95
-82,-361,268,353
505,28,-472,-23
-98,350,-93,-345
-471,-156,512,149
264,-297,-88,296
382,265,-476,-264
-399,205,256,-202
-234,-333,383,332
480,-83,-396,83
65,363,-246,-356
-508,-51,481,46
115,-348,70,340
469,175,-509,-165
-288,284,115,-284
-363,-272,469,264
415,-187,-279,186
215,342,-363,-333
-490,62,409,-64
-42,-368,222,361
500,68,-493,-66
-143,345,-51,-341
-442,-186,507,188
304,-277,-134,272
339,285,-458,-281
-426,170,304,-170
-188,-345,348,340
495,-49,-428,49
6,361,-195,-360
-496,-79,496,78
167,-333,22,329
442,200,-506,-197
-321,265,163,-258
-324,-293,447,293
439,-158,-326,157
160,348,-330,-348
-500,30,439,-37
15,-361,173,358
496,100,-502,-93
-189,330,1,-326
-428,-221,508,218
342,-246,-179,242
306,308,-436,-303
-450,132,337,-133
-148,-356,309,346
502,-9,-452,14
-36,360,-151,-351
-485,-113,504,106
213,-320,-29,315
409,231,-496,-224
-362,235,203,-233
-287,-316,429,310
467,-118,-356,121
121,353,-292,-351
-501,-8,462,1
61,-358,127,355
480,137,-510,-129
-236,313,51,-307
-404,-242,487,240
381,-226,-228,216
263,323,-405,-322
-472,105,372,-104
-93,-366,276,360
505,27,-467,-19
-84,355,-101,-349
